Date,Open,Close,High,Low,Volume,Open_hfq,Close_hfq,High_hfq,Low_hfq,Open_qfq,Close_qfq,High_qfq,Low_qfq
2008-04-25,9.98,13.92,22.0,9.61,9715341.7,,,,,,,,
2008-04-28,12.53,12.53,12.53,12.53,91928.0,,,,,,,,
2008-04-29,11.28,11.28,11.28,11.28,77943.0,,,,,,,,
2008-04-30,10.31,10.51,11.2,10.15,5927655.01,,,,,,,,
2008-05-05,10.8,11.56,11.56,10.51,3700137.39,,,,,,,,
2008-05-06,11.54,11.45,12.15,11.36,3910839.55,,,,,,,,
2008-05-07,11.24,11.02,11.39,10.76,1966006.86,,,,,,,,
2008-05-08,10.9,11.29,11.36,10.6,1544381.17,,,,,,,,
2008-05-09,11.3,10.74,11.3,10.31,1540822.04,,,,,,,,
2008-05-12,10.35,10.72,11.05,10.03,1290839.72,,,,,,,,
2008-05-13,10.21,10.35,10.65,10.21,1066784.74,,,,,,,,
2008-05-14,10.22,10.62,10.85,10.22,1168704.57,,,,,,,,
2008-05-15,10.6,10.39,10.86,10.36,886262.89,,,,,,,,
2008-05-16,10.4,10.35,10.55,10.22,583375.28,,,,,,,,
2008-05-19,10.55,10.47,10.67,10.35,541396.87,,,,,,,,
2008-05-20,10.5,9.89,10.65,9.87,641488.36,,,,,,,,
2008-05-21,9.8,9.81,10.02,9.32,833868.03,,,,,,,,
2008-05-22,9.9,10.06,10.09,9.7,716855.5,,,,,,,,
2008-05-23,9.89,9.58,9.96,9.42,527046.24,,,,,,,,
2008-05-26,9.54,9.08,9.54,9.05,490580.69,,,,,,,,
2008-05-27,9.01,9.19,9.33,9.01,377202.57,,,,,,,,
2008-05-28,9.1,9.17,9.27,8.92,630645.46,,,,,,,,
2008-05-29,9.1,8.77,9.15,8.74,567923.82,,,,,,,,
2008-05-30,8.65,8.66,8.69,8.42,613153.46,,,,,,,,
2008-06-02,8.66,9.53,9.53,8.57,985664.56,,,,,,,,
2008-06-03,9.63,9.44,9.99,9.32,1784183.68,,,,,,,,
2008-06-04,9.2,9.13,9.47,9.0,545298.11,,,,,,,,
2008-06-05,9.03,9.26,9.5,8.95,524220.13,,,,,,,,
2008-06-06,9.19,9.18,9.38,9.1,283153.79,,,,,,,,
2008-06-10,8.86,8.27,8.92,8.26,547062.52,,,,,,,,
2008-06-11,8.15,8.05,8.23,7.9,384043.24,,,,,,,,
2008-06-12,8.06,8.3,8.32,7.86,508835.59,,,,,,,,
2008-06-13,8.2,7.83,8.25,7.8,314257.34,,,,,,,,
2008-06-16,7.84,7.57,7.98,7.47,299419.28,,,,,,,,
2008-06-17,7.56,7.77,8.23,7.43,557979.82,,,,,,,,
2008-06-18,7.62,8.19,8.3,7.51,715917.27,,,,,,,,
2008-06-19,8.05,7.37,8.09,7.37,566948.26,,,,,,,,
2008-06-23,7.46,7.65,7.95,7.39,530563.76,,,,,,,,
2008-06-24,7.45,7.76,7.85,7.39,415386.44,,,,,,,,
2008-06-25,7.68,8.1,8.3,7.65,628184.61,,,,,,,,
2008-06-26,8.04,8.21,8.46,7.96,669035.37,,,,,,,,
2008-06-27,7.94,7.99,8.7,7.9,865515.4,,,,,,,,
2008-06-30,8.05,7.8,8.15,7.6,356947.9,,,,,,,,
2008-07-01,7.85,7.64,7.95,7.56,218409.14,,,,,,,,
2008-07-02,7.75,7.88,8.04,7.65,362624.53,,,,,,,,
2008-07-03,7.9,8.26,8.4,7.8,750974.67,,,,,,,,
2008-07-04,8.06,7.99,8.19,7.87,471820.69,,,,,,,,
2008-07-07,7.97,8.28,8.35,7.85,589621.79,,,,,,,,
2008-07-08,8.3,8.34,8.48,8.18,580646.88,,,,,,,,
2008-07-09,8.34,8.96,9.16,8.2,1201814.25,,,,,,,,
2008-07-10,8.7,8.62,9.08,8.61,892523.75,,,,,,,,
2008-07-11,8.75,8.81,9.0,8.61,602906.02,,,,,,,,
2008-07-14,8.93,9.08,9.18,8.92,652602.27,,,,,,,,
2008-07-15,9.21,8.67,9.29,8.62,615982.54,,,,,,,,
2008-07-16,8.41,8.24,8.58,7.97,463163.03,,,,,,,,
2008-07-17,8.3,8.08,8.39,8.03,303685.03,,,,,,,,
2008-07-18,8.09,8.21,8.25,7.89,294476.77,,,,,,,,
2008-07-21,8.18,8.32,8.38,7.86,533459.23,,,,,,,,
2008-07-22,8.28,8.34,8.59,8.18,412393.49,,,,,,,,
2008-07-23,8.22,8.13,8.32,8.04,423433.75,,,,,,,,
2008-07-24,8.0,8.15,8.23,7.95,418640.75,,,,,,,,
2008-07-25,7.98,7.88,8.05,7.56,2095282.8,,,,,,,,
2008-07-28,7.85,7.85,7.93,7.78,770853.06,,,,,,,,
2008-07-29,7.87,7.74,7.94,7.66,662353.42,,,,,,,,
2008-07-30,7.78,7.69,7.82,7.6,586700.94,,,,,,,,
2008-07-31,7.71,7.52,7.72,7.48,410704.55,,,,,,,,
2008-08-01,7.47,7.5,7.63,7.36,531660.8,,,,,,,,
2008-08-04,7.45,7.2,7.45,7.19,418381.59,,,,,,,,
2008-08-05,7.15,6.7,7.2,6.59,652294.83,,,,,,,,
2008-08-06,6.61,6.52,6.73,6.37,509443.29,,,,,,,,
2008-08-07,6.52,6.47,6.53,6.27,391485.6,,,,,,,,
2008-08-08,6.45,6.02,6.45,6.0,423167.21,,,,,,,,
2008-08-11,5.98,5.43,5.98,5.42,539864.27,,,,,,,,
2008-08-12,5.25,5.3,5.47,5.18,353092.51,,,,,,,,
2008-08-13,5.25,5.48,5.53,5.11,556085.95,,,,,,,,
2008-08-14,5.47,5.42,5.51,5.34,311462.52,,,,,,,,
2008-08-15,5.34,5.34,5.59,5.15,422761.4,,,,,,,,
2008-08-18,5.28,4.88,5.28,4.87,384937.67,,,,,,,,
2008-08-19,4.82,4.96,5.02,4.74,261109.49,,,,,,,,
2008-08-20,4.95,5.39,5.45,4.87,655911.22,,,,,,,,
2008-08-21,5.26,5.12,5.38,5.08,459025.15,,,,,,,,
2008-08-22,5.19,5.14,5.25,5.01,299322.26,,,,,,,,
2008-08-25,5.12,5.0,5.12,4.9,264705.64,,,,,,,,
2008-08-26,4.93,4.81,5.0,4.77,227583.26,,,,,,,,
2008-08-27,4.79,4.81,4.9,4.72,208368.64,,,,,,,,
2008-08-28,4.85,4.87,4.92,4.8,205844.11,,,,,,,,
2008-08-29,4.9,5.01,5.07,4.87,329748.68,,,,,,,,
2008-09-01,4.96,4.83,4.96,4.81,174104.19,,,,,,,,
2008-09-02,4.78,4.81,4.91,4.73,142969.75,,,,,,,,
2008-09-03,4.79,4.63,4.8,4.57,338919.32,,,,,,,,
2008-09-04,4.62,4.63,4.71,4.54,267678.73,,,,,,,,
2008-09-05,4.5,4.33,4.52,4.33,260587.58,,,,,,,,
2008-09-08,4.34,4.08,4.4,4.08,240252.34,,,,,,,,
2008-09-09,4.1,4.12,4.18,4.03,216676.56,,,,,,,,
2008-09-10,4.02,4.01,4.13,3.89,380382.41,,,,,,,,
2008-09-11,3.91,3.82,3.99,3.8,263010.18,,,,,,,,
2008-09-12,3.82,3.85,3.93,3.76,218063.6,,,,,,,,
2008-09-16,3.89,3.9,3.97,3.81,417084.44,,,,,,,,
2008-09-17,3.86,3.8,3.91,3.79,221350.43,,,,,,,,
2008-09-18,4.16,4.07,4.18,3.93,1002570.24,,,,,,,,
2008-09-19,4.4,4.48,4.48,4.27,566104.94,,,,,,,,
2008-09-22,4.82,4.81,4.93,4.48,1623036.2,,,,,,,,
2008-09-23,4.68,4.65,4.98,4.62,1092392.32,,,,,,,,
2008-09-24,4.49,4.49,4.5,4.3,590667.96,,,,,,,,
2008-09-25,4.49,4.59,4.75,4.43,653479.81,,,,,,,,
2008-09-26,4.57,4.51,4.59,4.46,456378.73,,,,,,,,
2008-10-06,4.35,4.15,4.35,4.14,347655.51,,,,,,,,
2008-10-07,4.1,4.28,4.35,4.1,307394.18,,,,,,,,
2008-10-08,4.26,4.38,4.39,4.22,449293.0,,,,,,,,
2008-10-09,4.48,4.15,4.48,4.14,364839.98,,,,,,,,
2008-10-10,4.08,3.99,4.15,3.96,349508.05,,,,,,,,
2008-10-13,3.84,4.0,4.0,3.7,314868.02,,,,,,,,
2008-10-14,4.09,3.91,4.13,3.9,344608.44,,,,,,,,
2008-10-15,3.86,3.85,3.87,3.78,155727.67,,,,,,,,
2008-10-16,3.71,3.56,3.78,3.55,248264.69,,,,,,,,
2008-10-17,3.54,3.53,3.63,3.43,297051.52,,,,,,,,
2008-10-20,3.5,3.59,3.66,3.39,365386.46,,,,,,,,
2008-10-21,3.59,3.61,3.71,3.55,390667.78,,,,,,,,
2008-10-22,3.5,3.45,3.55,3.43,205454.71,,,,,,,,
2008-10-23,3.34,3.41,3.44,3.3,214301.03,,,,,,,,
2008-10-24,3.38,3.32,3.41,3.29,185717.57,,,,,,,,
2008-10-27,3.29,3.08,3.38,3.06,298158.59,,,,,,,,
2008-10-28,3.0,3.15,3.18,2.97,288508.91,,,,,,,,
2008-10-29,3.19,3.02,3.2,3.01,228508.44,,,,,,,,
2008-10-30,3.07,3.12,3.18,3.03,245004.49,,,,,,,,
2008-10-31,3.09,3.09,3.16,3.03,236907.73,,,,,,,,
2008-11-03,3.05,3.07,3.12,3.03,125785.97,,,,,,,,
2008-11-04,3.07,3.04,3.09,2.98,160023.35,,,,,,,,
2008-11-05,3.08,3.14,3.19,3.08,332435.95,,,,,,,,
2008-11-06,3.06,3.08,3.09,3.04,141149.5,,,,,,,,
2008-11-07,3.03,3.1,3.12,3.0,152962.39,,,,,,,,
2008-11-10,3.13,3.35,3.38,3.13,564434.63,,,,,,,,
2008-11-11,3.38,3.36,3.54,3.29,632476.11,,,,,,,,
2008-11-12,3.3,3.39,3.45,3.28,351686.78,,,,,,,,
2008-11-13,3.34,3.52,3.59,3.3,739454.91,,,,,,,,
2008-11-14,3.57,3.87,3.87,3.51,1468122.66,,,,,,,,
2008-11-17,3.89,4.13,4.15,3.87,1545581.45,,,,,,,,
2008-11-18,4.07,3.72,4.07,3.72,1075740.83,,,,,,,,
2008-11-19,3.64,3.96,4.0,3.62,801829.43,,,,,,,,
2008-11-20,3.85,4.36,4.36,3.81,2309381.76,,,,,,,,
2008-11-21,4.3,4.26,4.4,4.02,1577982.46,,,,,,,,
2008-11-24,4.48,4.28,4.61,4.23,1077643.9,,,,,,,,
2008-11-25,4.41,4.27,4.49,4.08,848797.67,,,,,,,,
2008-11-26,4.15,4.17,4.24,4.1,467471.92,,,,,,,,
2008-11-27,4.44,4.23,4.47,4.22,897694.19,,,,,,,,
2008-11-28,4.19,4.06,4.23,4.01,507157.39,,,,,,,,
2008-12-01,4.11,4.23,4.24,3.98,585989.13,,,,,,,,
2008-12-02,4.05,4.17,4.26,4.02,663940.5,,,,,,,,
2008-12-03,4.19,4.35,4.39,4.16,855471.41,,,,,,,,
2008-12-04,4.4,4.37,4.6,4.34,1543223.34,,,,,,,,
2008-12-05,4.31,4.4,4.41,4.26,691756.32,,,,,,,,
2008-12-08,4.48,4.73,4.75,4.4,1285286.69,,,,,,,,
2008-12-09,4.73,4.6,4.87,4.6,1330478.97,,,,,,,,
2008-12-10,4.52,4.73,4.78,4.51,796694.06,,,,,,,,
2008-12-11,4.89,4.8,5.01,4.75,1364557.05,,,,,,,,
2008-12-12,4.88,4.57,4.94,4.44,1016959.91,,,,,,,,
2008-12-15,4.78,4.68,4.78,4.52,609677.66,,,,,,,,
2008-12-16,4.61,4.73,4.8,4.53,662073.01,,,,,,,,
2008-12-17,4.79,4.82,4.97,4.75,864704.23,,,,,,,,
2008-12-18,4.92,5.14,5.21,4.85,1510843.04,,,,,,,,
2008-12-19,5.03,5.06,5.16,5.0,888103.67,,,,,,,,
2008-12-22,5.0,4.99,5.13,4.9,637588.53,,,,,,,,
2008-12-23,5.01,4.64,5.05,4.6,685147.13,,,,,,,,
2008-12-24,4.58,4.54,4.68,4.49,455839.82,,,,,,,,
2008-12-25,4.58,4.62,4.66,4.51,366427.39,,,,,,,,
2008-12-26,4.62,4.54,4.65,4.52,207054.79,,,,,,,,
2008-12-29,4.68,4.85,4.9,4.6,655588.18,,,,,,,,
2008-12-30,4.81,4.77,4.94,4.75,447030.19,,,,,,,,
2008-12-31,4.79,4.8,4.9,4.72,362059.92,,,,,,,,
2009-01-05,4.89,4.99,5.05,4.84,402353.65,,,,,,,,
2009-01-06,4.9,5.17,5.2,4.84,961257.97,,,,,,,,
2009-01-07,5.13,5.05,5.17,5.04,611435.44,,,,,,,,
2009-01-08,4.93,4.84,4.93,4.8,371152.75,,,,,,,,
2009-01-09,4.88,4.91,4.99,4.86,350724.39,,,,,,,,
2009-01-12,4.89,4.99,5.12,4.85,440866.34,,,,,,,,
2009-01-13,4.85,4.72,4.88,4.68,645771.12,,,,,,,,
2009-01-14,4.72,4.87,4.89,4.71,414027.28,,,,,,,,
2009-01-15,4.81,4.81,4.87,4.75,397956.56,,,,,,,,
2009-01-16,4.81,4.93,5.0,4.8,604288.49,,,,,,,,
2009-01-19,5.06,4.88,5.08,4.85,456783.95,,,,,,,,
2009-01-20,4.86,4.85,4.89,4.77,256679.85,,,,,,,,
2009-01-21,4.85,4.87,4.95,4.81,343823.62,,,,,,,,
2009-01-22,4.9,5.01,5.04,4.88,554491.13,,,,,,,,
2009-01-23,5.0,5.03,5.11,4.96,662117.97,,,,,,,,
2009-02-02,5.36,5.53,5.53,5.3,930018.87,,,,,,,,
2009-02-03,5.65,5.79,6.02,5.51,1794336.49,,,,,,,,
2009-02-04,5.71,5.87,5.93,5.66,860624.95,,,,,,,,
2009-02-05,5.87,5.82,6.1,5.75,967436.13,,,,,,,,
2009-02-06,5.9,6.32,6.4,5.9,1175406.6,,,,,,,,
2009-02-09,6.5,6.95,6.95,6.5,1364896.37,,,,,,,,
2009-02-10,6.96,7.64,7.65,6.75,1732952.97,,,,,,,,
2009-02-11,7.7,7.78,8.3,7.51,1877277.19,,,,,,,,
2009-02-12,8.1,7.95,8.15,7.7,1526862.0,,,,,,,,
2009-02-13,7.95,7.97,8.03,7.8,1294104.34,,,,,,,,
2009-02-16,7.99,7.85,7.99,7.65,1205703.33,,,,,,,,
2009-02-17,7.85,8.28,8.61,7.48,2089283.49,,,,,,,,
2009-02-18,8.26,8.12,8.59,8.1,1500648.21,,,,,,,,
2009-02-19,8.25,7.97,8.43,7.71,1206702.83,,,,,,,,
2009-02-20,7.88,8.15,8.23,7.75,988089.13,,,,,,,,
2009-02-23,8.3,8.97,8.97,8.16,2039100.12,,,,,,,,
2009-02-24,8.94,9.54,9.84,8.73,2515748.57,,,,,,,,
2009-02-25,9.39,9.47,9.77,9.01,2010427.66,,,,,,,,
2009-02-26,9.45,8.61,9.45,8.52,1742511.37,,,,,,,,
2009-02-27,8.11,8.2,8.6,7.75,1835556.09,,,,,,,,
2009-03-02,8.0,8.69,8.75,7.87,1366764.3,,,,,,,,
2009-03-03,8.2,8.23,8.54,8.08,1029629.45,,,,,,,,
2009-03-04,8.0,8.58,8.8,8.0,1672291.56,,,,,,,,
2009-03-05,8.62,8.87,9.15,8.62,1653140.12,,,,,,,,
2009-03-06,9.1,8.91,9.18,8.82,1187579.61,,,,,,,,
2009-03-10,8.02,8.56,8.69,8.02,1150575.08,,,,,,,,
2009-03-11,8.57,8.51,8.78,8.3,1012253.59,,,,,,,,
2009-03-12,8.5,8.26,8.55,8.08,714859.45,,,,,,,,
2009-03-13,8.36,8.15,8.44,8.12,571946.25,,,,,,,,
2009-03-16,8.14,8.17,8.22,7.96,644008.41,,,,,,,,
2009-03-17,8.08,8.5,8.63,8.03,1138744.99,,,,,,,,
2009-03-18,8.49,8.62,8.85,8.38,1376659.59,,,,,,,,
2009-03-19,8.8,9.03,9.09,8.6,1774929.94,,,,,,,,
2009-03-20,9.35,9.93,9.93,9.35,2858940.79,,,,,,,,
2009-03-23,10.3,10.92,10.92,10.13,2763025.81,,,,,,,,
2009-03-24,10.8,10.39,10.9,10.33,2399070.38,,,,,,,,
2009-03-25,10.11,10.65,11.28,10.01,2816391.9,,,,,,,,
2009-03-26,10.63,11.33,11.36,10.22,2668471.08,,,,,,,,
2009-03-27,11.3,11.2,11.55,11.08,2166373.45,,,,,,,,
2009-03-30,10.95,10.99,11.28,10.59,1543066.7,,,,,,,,
2009-03-31,10.64,10.87,11.17,10.6,1234875.31,,,,,,,,
2009-04-01,10.87,10.99,11.32,10.87,1492314.25,,,,,,,,
2009-04-02,11.0,10.83,11.1,10.73,1207535.43,,,,,,,,
2009-04-03,10.6,10.36,10.68,10.3,1649184.65,,,,,,,,
2009-04-07,9.84,10.51,10.64,9.84,1236529.77,,,,,,,,
2009-04-08,10.4,10.14,10.63,10.0,849794.06,,,,,,,,
2009-04-09,10.12,10.25,10.32,10.0,641807.42,,,,,,,,
2009-04-10,10.26,10.79,10.98,10.18,1492290.69,,,,,,,,
2009-04-13,10.78,10.72,10.97,10.57,1376568.91,,,,,,,,
2009-04-14,10.8,10.75,11.0,10.6,1029418.38,,,,,,,,
2009-04-15,10.69,10.68,10.9,10.49,992753.73,,,,,,,,
2009-04-16,10.69,10.79,10.81,10.41,1255908.61,,,,,,,,
2009-04-17,10.72,10.26,10.72,10.2,1027129.87,,,,,,,,
2009-04-20,10.16,10.29,10.38,10.0,911111.29,,,,,,,,
2009-04-21,10.39,10.43,10.7,10.29,973995.87,,,,,,,,
2009-04-22,10.36,9.8,10.36,9.7,1181878.65,,,,,,,,
2009-04-23,9.69,9.5,9.8,9.22,1159357.65,,,,,,,,
2009-04-24,9.5,9.63,10.0,9.15,1736398.06,,,,,,,,
2009-04-27,9.38,9.43,9.76,9.18,1576221.13,,,,,,,,
2009-04-28,9.18,8.75,9.22,8.5,1513731.11,,,,,,,,
2009-04-29,8.65,8.78,8.99,8.28,2208806.24,,,,,,,,
2009-04-30,8.8,8.69,8.83,8.58,1692111.46,,,,,,,,
2009-05-04,8.64,8.86,9.0,8.5,6069573.07,,,,,,,,
2009-05-05,9.01,8.98,9.08,8.82,6592505.06,,,,,,,,
2009-05-06,8.89,8.89,8.96,8.8,3185208.3,,,,,,,,
2009-05-07,8.96,8.93,9.14,8.84,3530519.61,,,,,,,,
2009-05-08,8.9,8.74,8.9,8.59,2534659.57,,,,,,,,
2009-05-11,8.75,8.36,8.78,8.35,2416102.71,,,,,,,,
2009-05-12,8.29,8.52,8.54,8.13,1867751.64,,,,,,,,
2009-05-13,8.57,8.8,8.85,8.57,3220479.26,,,,,,,,
2009-05-14,8.72,8.8,8.95,8.63,2109063.69,,,,,,,,
2009-05-18,8.82,8.74,8.83,8.5,1241770.14,,,,,,,,
2009-05-19,8.7,8.79,8.83,8.58,2346041.16,,,,,,,,
2009-05-20,8.81,8.88,9.03,8.74,3775397.0,,,,,,,,
2009-05-21,8.9,9.14,9.15,8.79,4939569.18,,,,,,,,
2009-05-22,9.25,8.84,9.27,8.8,2839497.73,,,,,,,,
2009-05-25,8.68,8.67,8.82,8.49,1872734.43,,,,,,,,
2009-05-26,8.68,8.58,8.78,8.56,1743387.24,,,,,,,,
2009-05-27,8.58,8.57,8.67,8.46,1673147.47,,,,,,,,
2009-06-01,8.73,9.43,9.43,8.73,5734839.3,,,,,,,,
2009-06-02,9.72,9.92,10.22,9.72,5880554.99,,,,,,,,
2009-06-03,10.0,10.23,10.3,9.8,4070946.79,,,,,,,,
2009-06-04,10.02,9.99,10.15,9.79,3947834.69,,,,,,,,
2009-06-05,10.21,10.17,10.51,10.1,5393214.37,,,,,,,,
2009-06-08,9.84,9.79,10.07,9.6,3505792.9,,,,,,,,
2009-06-09,9.79,9.71,9.86,9.42,2188764.39,,,,,,,,
2009-06-10,9.81,9.8,9.88,9.62,1887702.49,,,,,,,,
2009-06-11,9.71,9.55,9.75,9.52,1503639.37,,,,,,,,
2009-06-12,9.55,9.33,9.66,9.2,1566205.63,,,,,,,,
2009-06-15,9.13,9.17,9.22,8.97,2141101.57,,,,,,,,
2009-06-16,9.03,9.43,9.55,9.01,2249978.86,,,,,,,,
2009-06-17,9.36,9.45,9.69,9.16,2873884.31,,,,,,,,
2009-06-18,9.49,9.43,9.55,9.32,2131776.66,,,,,,,,
2009-06-19,9.39,9.32,9.39,9.23,1378319.52,,,,,,,,
2009-06-22,9.4,9.5,9.57,9.37,2210737.43,,,,,,,,
2009-06-23,9.3,9.37,9.48,9.24,1654363.2,,,,,,,,
2009-06-24,9.38,10.04,10.07,9.38,5168694.01,,,,,,,,
2009-06-25,10.12,9.96,10.12,9.76,3948889.32,,,,,,,,
2009-06-26,10.02,9.95,10.07,9.81,2367001.76,,,,,,,,
2009-06-29,9.95,9.94,10.06,9.7,2725536.93,,,,,,,,
2009-06-30,9.95,10.2,10.47,9.8,4389797.62,,,,,,,,
2009-07-01,10.01,10.05,10.21,9.95,3005011.21,,,,,,,,
2009-07-02,10.15,10.79,11.06,10.14,6650379.04,,,,,,,,
2009-07-03,10.5,10.64,10.74,10.5,3368741.98,,,,,,,,
2009-07-06,10.68,10.64,10.74,10.34,3075386.35,,,,,,,,
2009-07-07,10.52,10.78,11.04,10.41,4109208.24,,,,,,,,
2009-07-08,10.6,10.89,11.07,10.57,3902606.43,,,,,,,,
2009-07-09,10.79,11.03,11.06,10.68,3906735.57,,,,,,,,
2009-07-10,11.18,11.1,11.96,11.06,6787249.29,,,,,,,,
2009-07-13,10.7,10.52,10.83,10.49,4675749.0,,,,,,,,
2009-07-14,10.56,10.6,10.67,10.42,2350628.12,,,,,,,,
2009-07-15,10.64,10.78,10.78,10.49,3643948.33,,,,,,,,
2009-07-16,10.93,10.68,11.07,10.66,3259136.83,,,,,,,,
2009-07-17,10.59,10.81,10.89,10.55,2613426.89,,,,,,,,
2009-07-20,10.97,11.53,11.56,10.87,5238464.47,,,,,,,,
2009-07-21,11.65,11.23,11.81,11.11,3740293.76,,,,,,,,
2009-07-22,11.14,11.29,11.45,11.03,2541175.85,,,,,,,,
2009-07-23,11.34,11.37,11.7,11.25,2253493.72,,,,,,,,
2009-07-24,11.36,11.19,11.45,10.81,3155615.42,,,,,,,,
2009-07-27,11.25,12.0,12.29,11.0,7454096.48,,,,,,,,
2009-07-28,11.88,11.86,12.17,11.65,4617215.34,,,,,,,,
2009-07-29,11.59,10.87,11.75,10.67,4044248.64,,,,,,,,
2009-07-30,10.8,10.73,11.0,10.23,2840137.09,,,,,,,,
2009-07-31,10.83,11.11,11.18,10.7,2574572.1,,,,,,,,
2009-08-03,11.35,11.22,11.45,11.16,2712821.0,,,,,,,,
2009-08-04,11.29,11.28,11.45,11.03,2395909.42,,,,,,,,
2009-08-05,11.4,11.38,11.63,11.19,2590481.21,,,,,,,,
2009-08-06,11.06,10.91,11.17,10.66,2177917.61,,,,,,,,
2009-08-07,10.85,10.43,10.91,10.36,2296290.05,,,,,,,,
2009-08-10,10.55,10.4,10.61,10.21,1569358.63,,,,,,,,
2009-08-11,10.4,10.42,10.43,10.19,1079960.27,,,,,,,,
2009-08-12,10.4,9.9,10.41,9.86,1506598.78,,,,,,,,
2009-08-13,9.9,10.1,10.15,9.61,1551926.98,,,,,,,,
2009-08-14,10.13,9.72,10.13,9.7,1313042.15,,,,,,,,
2009-08-17,9.41,8.76,9.41,8.75,2113175.2,,,,,,,,
2009-08-18,8.6,9.02,9.2,8.47,1678038.3,,,,,,,,
2009-08-19,8.98,8.36,9.0,8.26,1653932.08,,,,,,,,
2009-08-20,8.45,8.65,8.72,8.3,1619597.82,,,,,,,,
2009-08-21,8.56,8.91,9.01,8.46,1688780.14,,,,,,,,
2009-08-24,9.08,9.05,9.14,8.91,1676616.1,,,,,,,,
2009-08-25,8.9,8.64,8.9,8.4,1387785.93,,,,,,,,
2009-08-26,8.6,8.78,8.86,8.49,956847.2,,,,,,,,
2009-08-27,8.69,8.78,8.88,8.6,929901.07,,,,,,,,
2009-08-28,8.82,8.88,9.16,8.78,1826902.35,,,,,,,,
2009-08-31,8.9,8.25,8.99,8.19,1684590.73,,,,,,,,
2009-09-01,8.11,8.11,8.29,7.82,1054228.24,,,,,,,,
2009-09-02,8.08,8.05,8.15,7.9,1155102.33,,,,,,,,
2009-09-03,8.43,8.79,8.84,8.43,2430203.02,,,,,,,,
2009-09-04,9.05,9.01,9.37,9.0,2982298.79,,,,,,,,
2009-09-07,9.12,9.24,9.4,8.94,2478436.05,,,,,,,,
2009-09-08,9.24,9.6,9.67,9.0,3219521.35,,,,,,,,
2009-09-09,9.68,9.6,9.88,9.46,3172504.47,,,,,,,,
2009-09-10,9.38,9.35,9.56,9.27,1373168.3,,,,,,,,
2009-09-11,9.31,9.49,9.77,9.27,1800708.78,,,,,,,,
2009-09-14,9.61,9.54,9.64,9.4,1985477.66,,,,,,,,
2009-09-15,9.54,9.59,9.72,9.35,2180226.3,,,,,,,,
2009-09-16,9.74,10.09,10.35,9.51,4029912.95,,,,,,,,
2009-09-17,10.14,10.14,10.29,9.98,2978114.08,,,,,,,,
2009-09-18,10.0,9.63,10.03,9.5,2160920.63,,,,,,,,
2009-09-21,9.33,9.45,9.46,9.16,1445976.2,,,,,,,,
2009-09-22,9.38,9.44,9.79,9.26,1349544.88,,,,,,,,
2009-09-23,9.56,9.1,9.58,9.01,1185735.76,,,,,,,,
2009-09-24,8.98,8.92,9.06,8.6,1103174.02,,,,,,,,
2009-09-25,8.6,8.67,8.78,8.53,938352.23,,,,,,,,
2009-09-28,8.67,8.33,8.78,8.25,752327.86,,,,,,,,
2009-09-29,8.24,8.29,8.43,8.14,744169.07,,,,,,,,
2009-09-30,8.38,8.49,8.66,8.35,763807.35,,,,,,,,
2009-10-09,9.34,9.34,9.34,9.34,457246.48,,,,,,,,
2009-10-12,9.8,9.43,9.8,9.34,2375797.37,,,,,,,,
2009-10-13,9.43,9.58,9.59,9.37,1188573.74,,,,,,,,
2009-10-14,9.73,9.57,9.8,9.52,1420037.87,,,,,,,,
2009-10-15,9.57,9.41,9.64,9.35,1058226.58,,,,,,,,
2009-10-16,9.34,9.42,9.5,9.28,1034840.16,,,,,,,,
2009-10-19,9.42,9.6,9.65,9.25,1415731.95,,,,,,,,
2009-10-20,9.73,9.91,9.99,9.56,2513708.38,,,,,,,,
2009-10-21,9.73,9.71,9.88,9.69,1409463.02,,,,,,,,
2009-10-22,9.75,9.75,9.93,9.69,1137755.85,,,,,,,,
2009-10-23,9.75,9.82,9.91,9.72,1469724.42,,,,,,,,
2009-10-26,9.74,9.71,9.8,9.62,998363.7,,,,,,,,
2009-10-27,9.5,9.29,9.51,9.27,1576340.54,,,,,,,,
2009-10-28,9.21,9.27,9.33,9.0,1198464.77,,,,,,,,
2009-10-29,9.1,8.99,9.1,8.96,1036709.81,,,,,,,,
2009-10-30,9.18,9.1,9.29,9.07,817177.57,,,,,,,,
2009-11-02,8.9,9.22,9.22,8.82,992850.02,,,,,,,,
2009-11-03,9.4,9.35,9.49,9.3,1212089.62,,,,,,,,
2009-11-04,9.6,9.49,9.74,9.41,1526006.1,,,,,,,,
2009-11-06,9.57,9.59,9.65,9.46,1605588.7,,,,,,,,
2009-11-09,9.67,9.91,10.08,9.55,3170243.78,,,,,,,,
2009-11-10,10.0,9.75,10.0,9.73,1966676.08,,,,,,,,
2009-11-11,9.78,9.72,9.9,9.66,1111924.71,,,,,,,,
2009-11-12,9.85,9.71,9.9,9.67,1046902.25,,,,,,,,
2009-11-13,9.59,9.65,9.66,9.43,1382729.58,,,,,,,,
2009-11-16,9.75,9.88,9.95,9.7,2093416.43,,,,,,,,
2009-11-17,10.01,9.89,10.13,9.85,1800811.86,,,,,,,,
2009-11-18,9.89,9.85,9.94,9.81,1180737.22,,,,,,,,
2009-11-19,9.89,10.02,10.1,9.86,2125645.33,,,,,,,,
2009-11-20,10.02,9.93,10.02,9.86,1318492.71,,,,,,,,
2009-11-23,10.03,10.15,10.18,9.98,2193942.36,,,,,,,,
2009-11-24,10.25,10.31,10.95,10.15,5373880.33,,,,,,,,
2009-11-25,10.4,10.98,11.08,10.39,5818497.24,,,,,,,,
2009-11-26,11.21,10.83,11.45,10.75,4751627.98,,,,,,,,
2009-11-27,10.46,10.0,10.56,9.88,3049230.53,,,,,,,,
2009-12-01,10.8,10.72,10.99,10.46,3054825.35,,,,,,,,
2009-12-02,11.04,11.31,11.5,10.8,4049374.02,,,,,,,,
2009-12-03,11.34,11.02,11.35,10.87,2650378.94,,,,,,,,
2009-12-04,10.82,10.74,10.96,10.41,2374314.51,,,,,,,,
2009-12-07,10.33,10.63,10.68,10.14,1776331.8,,,,,,,,
2009-12-08,10.54,10.52,10.65,10.33,1338266.7,,,,,,,,
2009-12-09,10.3,10.29,10.45,10.23,1079739.72,,,,,,,,
2009-12-10,10.31,10.38,10.43,10.24,852802.74,,,,,,,,
2009-12-11,10.4,10.29,10.43,10.25,745246.97,,,,,,,,
2009-12-14,10.25,10.45,10.45,10.03,1237629.85,,,,,,,,
2009-12-15,10.38,10.37,10.58,10.29,983866.37,,,,,,,,
2009-12-16,10.33,10.26,10.42,10.18,864761.68,,,,,,,,
2009-12-17,10.35,10.06,10.38,10.03,838059.06,,,,,,,,
2009-12-18,9.88,9.63,9.9,9.5,1133661.33,,,,,,,,
2009-12-21,9.65,9.65,9.74,9.46,674364.26,,,,,,,,
2009-12-22,9.5,9.23,9.58,9.19,1035884.59,,,,,,,,
2009-12-23,9.16,9.22,9.33,9.08,790499.57,,,,,,,,
2009-12-24,9.29,9.65,9.77,9.25,1158666.72,,,,,,,,
2009-12-25,9.6,9.47,9.63,9.43,775300.35,,,,,,,,
2009-12-28,9.51,9.57,9.7,9.48,893817.03,,,,,,,,
2009-12-29,9.51,9.47,9.51,9.33,815287.89,,,,,,,,
2009-12-30,9.35,9.55,9.58,9.28,1295453.52,,,,,,,,
2009-12-31,9.5,9.64,9.68,9.4,966116.5,,,,,,,,
2010-01-04,9.69,9.62,9.74,9.6,818102.49,,,,,,,,
2010-01-05,9.75,9.82,9.89,9.63,1235195.69,,,,,,,,
2010-01-06,9.77,9.68,9.85,9.65,860716.37,,,,,,,,
2010-01-07,9.76,9.51,9.87,9.44,933598.58,,,,,,,,
2010-01-08,9.42,9.43,9.44,9.27,801914.36,,,,,,,,
2010-01-11,9.64,9.52,9.72,9.43,745903.05,,,,,,,,
2010-01-12,9.55,9.61,9.65,9.41,732629.94,,,,,,,,
2010-01-13,9.37,9.36,9.46,9.3,979387.51,,,,,,,,
2010-01-14,9.4,9.4,9.44,9.29,765799.38,,,,,,,,
2010-01-15,9.4,9.4,9.45,9.32,666666.41,,,,,,,,
2010-01-18,9.34,9.39,9.39,9.29,639527.16,,,,,,,,
2010-01-19,9.4,9.5,9.52,9.35,927726.61,,,,,,,,
2010-01-20,9.52,9.23,9.56,9.2,835613.57,,,,,,,,
2010-01-21,9.18,9.1,9.24,9.03,771772.83,,,,,,,,
2010-01-22,8.99,8.84,8.99,8.71,1013062.7,,,,,,,,
2010-01-25,8.83,8.9,8.99,8.71,563310.08,,,,,,,,
2010-01-26,8.88,8.61,8.93,8.6,545363.52,,,,,,,,
2010-01-27,8.61,8.42,8.7,8.4,523067.14,,,,,,,,
2010-01-28,8.39,8.36,8.43,8.2,503918.91,,,,,,,,
2010-01-29,8.3,8.3,8.41,8.21,451712.59,,,,,,,,
2010-02-01,8.26,8.04,8.28,8.0,573376.76,,,,,,,,
2010-02-02,8.16,8.51,8.84,8.16,1638353.63,,,,,,,,
2010-02-03,8.56,8.66,8.76,8.38,894674.26,,,,,,,,
2010-02-04,8.56,8.49,8.58,8.42,559392.17,,,,,,,,
2010-02-05,8.16,8.29,8.29,8.07,558811.33,,,,,,,,
2010-02-08,8.3,8.29,8.36,8.24,281244.28,,,,,,,,
2010-02-09,8.29,8.38,8.47,8.26,297574.46,,,,,,,,
2010-02-10,8.48,8.42,8.53,8.35,304670.29,,,,,,,,
2010-02-11,8.45,8.44,8.49,8.37,297662.05,,,,,,,,
2010-02-12,8.53,8.6,8.63,8.45,508478.7,,,,,,,,
2010-02-22,8.67,8.57,8.7,8.55,411464.83,,,,,,,,
2010-02-23,8.51,8.44,8.53,8.36,311889.36,,,,,,,,
2010-02-24,8.31,8.5,8.5,8.31,340105.78,,,,,,,,
2010-02-25,8.47,8.6,8.61,8.43,666674.78,,,,,,,,
2010-02-26,8.58,8.52,8.58,8.49,558926.4,,,,,,,,
2010-03-01,8.7,8.74,8.84,8.66,1110381.06,,,,,,,,
2010-03-02,8.75,8.58,8.75,8.53,636111.97,,,,,,,,
2010-03-03,8.65,8.62,8.7,8.54,561472.63,,,,,,,,
2010-03-04,8.64,8.39,8.64,8.37,709724.81,,,,,,,,
2010-03-05,8.39,8.4,8.45,8.34,365866.88,,,,,,,,
2010-03-08,8.41,8.45,8.47,8.36,315134.81,,,,,,,,
2010-03-09,8.39,8.43,8.45,8.33,350831.1,,,,,,,,
2010-03-10,8.4,8.47,8.55,8.36,529177.86,,,,,,,,
2010-03-11,8.42,8.39,8.43,8.35,343338.31,,,,,,,,
2010-03-12,8.38,8.33,8.42,8.31,311673.27,,,,,,,,
2010-03-15,8.3,8.14,8.31,8.02,556554.84,,,,,,,,
2010-03-16,8.13,8.18,8.22,8.11,295975.92,,,,,,,,
2010-03-17,8.25,8.32,8.34,8.23,437054.59,,,,,,,,
2010-03-18,8.34,8.2,8.36,8.15,541360.73,,,,,,,,
2010-03-19,8.21,8.33,8.4,8.13,684166.98,,,,,,,,
2010-03-22,8.26,8.28,8.29,8.22,411046.32,,,,,,,,
2010-03-23,8.28,8.24,8.29,8.21,325877.79,,,,,,,,
2010-03-24,8.25,8.19,8.29,8.18,386212.83,,,,,,,,
2010-03-25,8.12,8.13,8.15,8.11,429370.06,,,,,,,,
2010-03-26,8.13,8.15,8.17,8.05,636573.85,,,,,,,,
2010-03-29,8.19,8.35,8.35,8.17,849744.29,,,,,,,,
2010-03-30,8.3,8.26,8.32,8.24,635241.56,,,,,,,,
2010-03-31,8.22,8.2,8.22,8.16,594452.69,,,,,,,,
2010-04-01,8.2,8.28,8.3,8.2,638609.32,,,,,,,,
2010-04-02,8.31,8.44,8.6,8.31,1274002.19,,,,,,,,
2010-04-06,8.5,8.45,8.54,8.39,758754.72,,,,,,,,
2010-04-07,8.49,8.47,8.52,8.41,551208.91,,,,,,,,
2010-04-08,8.5,8.39,8.54,8.37,556038.23,,,,,,,,
2010-04-09,8.4,8.41,8.46,8.33,464900.87,,,,,,,,
2010-04-12,8.47,8.66,8.67,8.41,1603579.09,,,,,,,,
2010-04-13,8.6,8.6,8.67,8.43,1004736.14,,,,,,,,
2010-04-14,8.6,8.85,8.97,8.53,2049300.12,,,,,,,,
2010-04-15,8.8,8.81,8.91,8.7,966903.48,,,,,,,,
2010-04-16,8.83,8.66,8.85,8.6,565834.68,,,,,,,,
2010-04-19,8.5,8.31,8.55,8.28,892195.01,,,,,,,,
2010-04-20,8.28,8.46,8.47,8.16,659177.91,,,,,,,,
2010-04-21,8.47,8.54,8.56,8.31,805791.5,,,,,,,,
2010-04-22,8.48,8.49,8.67,8.36,807815.75,,,,,,,,
2010-04-23,8.41,8.29,8.49,8.26,887697.14,,,,,,,,
2010-04-26,8.35,8.22,8.4,8.21,530523.32,,,,,,,,
2010-04-27,8.23,8.11,8.27,8.01,637488.07,,,,,,,,
2010-04-28,8.11,8.2,8.26,8.05,550333.85,,,,,,,,
2010-04-29,8.22,8.06,8.23,8.05,424144.53,,,,,,,,
2010-04-30,8.09,8.01,8.16,7.9,635390.22,,,,,,,,
2010-05-04,7.98,8.14,8.22,7.91,595903.07,,,,,,,,
2010-05-05,8.0,8.12,8.13,7.95,539174.85,,,,,,,,
2010-05-06,8.06,7.87,8.14,7.86,575575.61,,,,,,,,
2010-05-07,7.95,8.17,8.28,7.95,1257021.78,,,,,,,,
2010-05-10,8.25,8.09,8.32,8.0,730464.81,,,,,,,,
2010-05-11,8.15,8.22,8.37,8.08,1185059.08,,,,,,,,
2010-05-12,8.32,8.26,8.42,8.16,1034044.11,,,,,,,,
2010-05-13,8.33,8.29,8.37,8.15,749341.69,,,,,,,,
2010-05-14,8.23,8.17,8.33,8.15,525417.2,,,,,,,,
2010-05-17,8.11,7.96,8.36,7.92,900836.25,,,,,,,,
2010-05-18,7.85,7.58,7.85,7.16,1190628.97,,,,,,,,
2010-05-19,7.48,7.4,7.54,7.3,511645.62,,,,,,,,
2010-05-20,7.24,7.13,7.37,7.13,590474.77,,,,,,,,
2010-05-21,6.92,7.18,7.22,6.81,579693.32,,,,,,,,
2010-05-24,7.18,7.4,7.43,7.18,602079.15,,,,,,,,
2010-05-26,7.36,7.32,7.4,7.24,374901.53,,,,,,,,
2010-05-27,7.3,7.45,7.5,7.26,574686.62,,,,,,,,
2010-05-28,7.45,7.35,7.48,7.3,605650.62,,,,,,,,
2010-05-31,7.3,7.1,7.32,7.09,511642.49,,,,,,,,
2010-06-01,7.01,7.1,7.2,7.0,369739.35,,,,,,,,
2010-06-02,7.13,7.08,7.15,7.0,304774.29,,,,,,,,
2010-06-03,7.09,7.01,7.13,7.0,330909.9,,,,,,,,
2010-06-04,6.94,6.94,6.97,6.86,338333.0,,,,,,,,
2010-06-07,6.83,6.85,6.91,6.8,270429.97,,,,,,,,
2010-06-08,6.91,6.98,7.03,6.91,339310.14,,,,,,,,
2010-06-09,7.02,7.14,7.15,6.95,466008.64,,,,,,,,
2010-06-10,7.04,7.03,7.15,6.98,353987.5,,,,,,,,
2010-06-11,7.03,7.01,7.05,6.95,283491.75,,,,,,,,
2010-06-17,7.04,6.97,7.09,6.95,229105.92,,,,,,,,
2010-06-18,7.02,6.89,7.05,6.86,289426.24,,,,,,,,
2010-06-21,6.93,7.01,7.02,6.85,325452.12,,,,,,,,
2010-06-22,6.99,6.96,7.0,6.94,271051.62,,,,,,,,
2010-06-23,6.91,6.88,6.94,6.82,280310.73,,,,,,,,
2010-06-24,6.86,6.83,6.87,6.81,213361.66,,,,,,,,
2010-06-25,6.8,6.84,6.88,6.8,240699.13,,,,,,,,
2010-06-28,6.86,6.73,6.88,6.71,237216.21,,,,,,,,
2010-06-29,6.7,6.3,6.74,6.27,461878.1,,,,,,,,
2010-06-30,6.26,6.07,6.26,6.01,306914.19,,,,,,,,
2010-07-01,6.07,5.94,6.09,5.93,260236.84,,,,,,,,
2010-07-02,5.78,5.86,5.9,5.68,389200.14,,,,,,,,
2010-07-05,5.8,5.72,5.8,5.64,256872.52,,,,,,,,
2010-07-06,5.69,5.81,5.84,5.65,257450.89,,,,,,,,
2010-07-07,5.82,5.83,5.84,5.72,227365.65,,,,,,,,
2010-07-08,5.85,5.87,5.9,5.8,294213.98,,,,,,,,
2010-07-09,5.86,5.98,5.99,5.77,430182.28,,,,,,,,
2010-07-13,5.7,5.76,5.83,5.5,944881.27,,,,,,,,
2010-07-14,5.63,5.76,5.81,5.6,934127.63,,,,,,,,
2010-07-15,5.63,5.52,5.69,5.52,879934.16,,,,,,,,
2010-07-16,5.41,5.22,5.41,5.08,1303090.35,,,,,,,,
2010-07-19,5.01,5.21,5.23,4.97,1156079.38,,,,,,,,
2010-07-20,5.2,5.73,5.73,5.17,2593355.54,,,,,,,,
2010-07-21,5.74,5.71,5.9,5.66,2189756.78,,,,,,,,
2010-07-22,5.6,5.74,5.74,5.55,1310001.57,,,,,,,,
2010-07-23,5.76,5.72,5.78,5.65,989631.57,,,,,,,,
2010-07-28,5.64,5.86,5.94,5.54,2155587.07,,,,,,,,
2010-07-29,5.85,6.17,6.37,5.81,2118123.89,,,,,,,,
2010-07-30,6.14,6.19,6.26,6.05,1176392.94,,,,,,,,
2010-08-02,6.19,6.27,6.34,6.17,1064453.95,,,,,,,,
2010-08-03,6.28,6.16,6.32,6.15,1107284.61,,,,,,,,
2010-08-04,6.18,6.18,6.24,6.04,834955.87,,,,,,,,
2010-08-05,6.21,6.1,6.24,6.05,758414.01,,,,,,,,
2010-08-06,6.07,6.16,6.18,5.94,939058.15,,,,,,,,
2010-08-09,6.15,6.46,6.5,6.1,1804123.0,,,,,,,,
2010-08-10,6.46,6.17,6.46,6.16,1302321.48,,,,,,,,
2010-08-11,6.14,6.2,6.27,6.11,556117.73,,,,,,,,
2010-08-12,6.12,6.15,6.27,6.1,580114.91,,,,,,,,
2010-08-13,6.22,6.35,6.42,6.19,1188156.93,,,,,,,,
2010-08-16,6.36,6.41,6.48,6.32,1066302.57,,,,,,,,
2010-08-17,6.43,6.51,6.57,6.37,1060838.65,,,,,,,,
2010-08-18,6.5,6.59,6.63,6.46,1004238.84,,,,,,,,
2010-08-19,6.63,6.59,6.7,6.51,1122469.35,,,,,,,,
2010-08-20,6.54,6.37,6.64,6.35,912925.32,,,,,,,,
2010-08-23,6.3,6.32,6.45,6.3,460002.32,,,,,,,,
2010-08-24,6.32,6.31,6.41,6.17,564765.91,,,,,,,,
2010-08-25,6.31,6.25,6.42,6.24,540383.12,,,,,,,,
2010-08-26,6.28,6.25,6.37,6.17,441460.0,,,,,,,,
2010-08-27,6.23,6.22,6.27,6.16,336618.0,,,,,,,,
2010-08-30,6.24,6.43,6.45,6.24,709818.0,,,,,,,,
2010-08-31,6.42,6.5,6.59,6.35,924094.0,,,,,,,,
2010-09-01,6.62,6.54,6.67,6.42,922398.0,,,,,,,,
2010-09-02,6.51,6.49,6.54,6.44,800296.0,,,,,,,,
2010-09-03,6.52,6.41,6.55,6.34,655465.0,,,,,,,,
2010-09-06,6.42,6.46,6.49,6.33,744079.0,,,,,,,,
2010-09-07,6.45,6.48,6.56,6.39,692011.0,,,,,,,,
2010-09-08,6.48,6.71,6.81,6.43,1760242.0,,,,,,,,
2010-09-09,6.69,6.5,6.69,6.44,1041984.0,,,,,,,,
2010-09-10,6.47,6.45,6.48,6.36,578644.0,,,,,,,,
2010-09-13,6.44,6.46,6.48,6.37,538784.0,,,,,,,,
2010-09-14,6.46,6.4,6.48,6.38,535078.0,,,,,,,,
2010-09-15,6.58,6.37,6.61,6.33,671415.0,,,,,,,,
2010-09-16,6.34,6.18,6.37,6.15,651824.0,,,,,,,,
2010-09-17,6.2,6.35,6.46,6.19,707403.0,,,,,,,,
2010-09-20,6.34,6.3,6.43,6.21,533090.0,,,,,,,,
2010-09-21,6.32,6.26,6.36,6.21,307748.0,,,,,,,,
2010-09-27,6.21,6.42,6.53,6.21,1031141.0,,,,,,,,
2010-09-28,6.33,6.63,6.83,6.28,2470983.0,,,,,,,,
2010-09-29,6.64,6.68,6.89,6.58,2006942.0,,,,,,,,
2010-09-30,6.63,7.27,7.34,6.58,3106179.0,,,,,,,,
2010-10-08,7.66,8.0,8.0,7.65,1677318.0,,,,,,,,
2010-10-11,8.78,8.61,8.8,8.35,6959155.0,,,,,,,,
2010-10-12,8.5,9.47,9.47,8.41,5347632.0,,,,,,,,
2010-10-13,9.47,9.42,9.84,9.23,4666315.0,,,,,,,,
2010-10-14,9.83,10.2,10.25,9.68,5457725.0,,,,,,,,
2010-10-15,10.04,10.27,10.82,9.82,5245488.0,,,,,,,,
2010-10-18,9.92,9.47,10.31,9.38,4345295.0,,,,,,,,
2010-10-19,9.51,9.92,10.1,9.51,3255120.0,,,,,,,,
2010-10-20,9.33,9.78,10.02,9.22,3623264.0,,,,,,,,
2010-10-21,9.89,9.84,10.02,9.53,2602686.0,,,,,,,,
2010-10-22,9.61,10.01,10.24,9.52,3607910.0,,,,,,,,
2010-10-25,9.98,10.6,10.69,9.73,4398566.0,,,,,,,,
2010-10-26,10.59,10.3,10.82,10.2,3325729.0,,,,,,,,
2010-10-27,10.2,9.84,10.2,9.8,2521887.0,,,,,,,,
2010-10-28,9.9,9.61,9.98,9.6,2027032.0,,,,,,,,
2010-10-29,9.74,9.64,9.81,9.48,1967935.0,,,,,,,,
2010-11-01,9.89,10.25,10.3,9.79,3307619.0,,,,,,,,
2010-11-02,10.15,10.19,10.69,9.98,4119242.0,,,,,,,,
2010-11-03,10.15,9.74,10.28,9.69,2372289.0,,,,,,,,
2010-11-04,9.73,9.87,9.96,9.59,1750811.0,,,,,,,,
2010-11-05,10.86,10.31,10.86,10.26,5236547.0,,,,,,,,
2010-11-08,10.36,10.24,10.38,10.04,2426662.0,,,,,,,,
2010-11-09,10.36,10.48,10.57,10.26,3175080.0,,,,,,,,
2010-11-10,10.3,10.3,10.35,10.12,2013779.0,,,,,,,,
2010-11-11,10.21,10.32,10.68,10.08,3802545.0,,,,,,,,
2010-11-12,10.1,9.52,10.27,9.48,3834583.0,,,,,,,,
2010-11-15,9.53,9.12,9.58,8.82,2594000.0,,,,,,,,
2010-11-16,9.02,8.42,9.03,8.39,2418151.0,,,,,,,,
2010-11-17,8.02,8.26,8.4,7.95,1584640.0,,,,,,,,
2010-11-18,8.39,8.75,8.83,8.3,2144209.0,,,,,,,,
2010-11-19,8.79,8.71,8.8,8.37,1863899.0,,,,,,,,
2010-11-22,8.51,8.63,8.73,8.41,1488980.0,,,,,,,,
2010-11-23,8.55,8.29,8.55,8.09,1412400.0,,,,,,,,
2010-11-24,8.41,8.5,8.59,8.33,1307572.0,,,,,,,,
2010-11-25,8.5,8.54,8.57,8.34,1358246.0,,,,,,,,
2010-11-26,8.45,8.38,8.48,8.31,910278.0,,,,,,,,
2010-11-29,8.23,8.18,8.27,8.05,1092272.0,,,,,,,,
2010-11-30,8.2,8.19,8.29,7.88,1278130.0,,,,,,,,
2010-12-01,8.28,8.37,8.44,8.2,1211593.0,,,,,,,,
2010-12-02,8.53,8.4,8.61,8.35,1162527.0,,,,,,,,
2010-12-03,8.38,8.28,8.38,8.16,669035.0,,,,,,,,
2010-12-06,8.46,8.42,8.57,8.35,1238190.0,,,,,,,,
2010-12-07,8.43,8.85,8.99,8.32,2425342.0,,,,,,,,
2010-12-08,8.65,8.57,8.78,8.53,1647982.0,,,,,,,,
2010-12-09,8.4,8.31,8.45,8.3,966366.0,,,,,,,,
2010-12-10,8.25,8.36,8.45,8.19,945728.0,,,,,,,,
2010-12-13,8.38,8.63,8.68,8.33,1635346.0,,,,,,,,
2010-12-14,8.73,8.66,8.83,8.61,1386778.0,,,,,,,,
2010-12-16,8.37,8.46,8.52,8.31,998167.0,,,,,,,,
2010-12-17,8.35,8.41,8.47,8.33,660183.0,,,,,,,,
2010-12-20,8.43,8.5,8.61,8.12,1223840.0,,,,,,,,
2010-12-21,8.45,8.48,8.5,8.3,794770.0,,,,,,,,
2010-12-22,8.4,8.36,8.54,8.3,857142.0,,,,,,,,
2010-12-23,8.31,8.2,8.32,8.15,885098.0,,,,,,,,
2010-12-24,8.11,8.09,8.17,7.98,825808.0,,,,,,,,
2010-12-27,8.04,7.81,8.22,7.73,913503.0,,,,,,,,
2010-12-28,7.79,7.78,7.94,7.59,809035.0,,,,,,,,
2010-12-29,7.87,7.83,7.91,7.7,583068.0,,,,,,,,
2010-12-30,7.88,7.93,7.98,7.79,728264.0,,,,,,,,
2010-12-31,7.92,8.21,8.25,7.84,1200298.0,,,,,,,,
2011-01-04,8.26,8.35,8.5,8.16,1559359.0,,,,,,,,
2011-01-05,8.08,8.11,8.14,8.03,1123675.0,,,,,,,,
2011-01-06,8.05,7.99,8.13,7.95,741410.0,,,,,,,,
2011-01-07,7.95,7.89,7.99,7.79,818364.0,,,,,,,,
2011-01-10,7.85,7.78,7.88,7.76,553680.0,,,,,,,,
2011-01-11,7.78,7.79,7.83,7.7,414672.0,,,,,,,,
2011-01-12,7.85,7.8,7.87,7.73,337779.0,,,,,,,,
2011-01-13,7.84,7.76,7.86,7.75,439165.0,,,,,,,,
2011-01-14,7.71,7.51,7.72,7.47,743464.0,,,,,,,,
2011-01-17,7.39,7.22,7.45,7.16,662035.0,,,,,,,,
2011-01-18,7.23,7.21,7.25,7.08,469112.0,,,,,,,,
2011-01-19,7.2,7.35,7.37,7.12,536318.0,,,,,,,,
2011-01-20,7.3,7.04,7.3,7.03,652985.0,,,,,,,,
2011-01-21,6.95,7.02,7.15,6.88,681212.0,,,,,,,,
2011-01-24,7.02,6.89,7.05,6.88,500492.0,,,,,,,,
2011-01-25,6.85,6.68,6.85,6.57,914043.0,,,,,,,,
2011-01-26,6.67,6.74,6.8,6.66,502360.0,,,,,,,,
2011-01-27,6.76,6.91,6.95,6.72,749628.0,,,,,,,,
2011-01-28,6.8,6.96,6.99,6.78,632762.0,,,,,,,,
2011-01-31,7.06,7.23,7.26,7.0,799896.0,,,,,,,,
2011-02-01,7.29,7.2,7.3,7.14,570259.0,,,,,,,,
2011-02-09,7.22,7.18,7.45,7.15,737754.0,,,,,,,,
2011-02-10,7.11,7.26,7.27,7.05,555878.0,,,,,,,,
2011-02-11,7.22,7.25,7.32,7.2,504045.0,,,,,,,,
2011-02-14,7.25,7.47,7.5,7.25,1195761.0,,,,,,,,
2011-02-15,7.47,7.59,7.78,7.41,1413550.0,,,,,,,,
2011-02-16,7.59,7.62,7.64,7.46,874196.0,,,,,,,,
2011-02-17,7.66,7.54,7.69,7.47,866993.0,,,,,,,,
2011-02-18,7.59,7.59,7.75,7.52,987424.0,,,,,,,,
2011-02-21,7.57,7.65,7.69,7.53,751108.0,,,,,,,,
2011-02-22,7.8,7.81,8.08,7.7,2263515.0,,,,,,,,
2011-02-23,7.8,8.51,8.59,7.76,3677322.0,,,,,,,,
2011-02-24,8.59,8.36,8.65,8.19,2098381.0,,,,,,,,
2011-02-25,8.34,8.19,8.34,8.0,1344317.0,,,,,,,,
2011-02-28,8.21,8.31,8.32,8.11,1090490.0,,,,,,,,
2011-03-01,8.26,8.26,8.29,8.09,1446718.0,,,,,,,,
2011-03-02,8.4,8.4,8.54,8.16,2287266.0,,,,,,,,
2011-03-03,8.41,8.18,8.41,8.15,1257267.0,,,,,,,,
2011-03-04,8.06,8.16,8.19,8.0,852901.0,,,,,,,,
2011-03-07,8.28,8.32,8.4,8.17,1601265.0,,,,,,,,
2011-03-08,8.32,8.23,8.33,8.14,1072390.0,,,,,,,,
2011-03-09,8.2,8.16,8.22,8.11,840260.0,,,,,,,,
2011-03-10,8.15,8.07,8.15,8.06,785815.0,,,,,,,,
2011-03-11,8.0,8.08,8.15,7.96,813441.0,,,,,,,,
2011-03-14,8.08,8.1,8.18,8.04,611614.0,,,,,,,,
2011-03-15,8.05,7.79,8.06,7.59,1283567.0,,,,,,,,
2011-03-16,7.74,7.87,7.9,7.65,976470.0,,,,,,,,
2011-03-17,7.71,7.63,7.73,7.58,861378.0,,,,,,,,
2011-03-18,7.7,7.66,7.75,7.63,555551.0,,,,,,,,
2011-03-21,7.79,7.77,7.83,7.72,680316.0,,,,,,,,
2011-03-22,7.82,7.94,8.05,7.72,1043900.0,,,,,,,,
2011-03-23,7.89,7.87,7.93,7.81,761835.0,,,,,,,,
2011-03-24,7.95,7.86,8.04,7.85,707491.0,,,,,,,,
2011-03-25,7.81,8.05,8.15,7.8,1710405.0,,,,,,,,
2011-03-28,8.0,7.92,8.02,7.9,1173725.0,,,,,,,,
2011-03-29,7.89,7.72,7.89,7.7,1117587.0,,,,,,,,
2011-03-30,7.7,7.78,7.83,7.67,663457.0,,,,,,,,
2011-03-31,7.78,7.61,7.8,7.56,714864.0,,,,,,,,
2011-04-01,7.69,7.72,7.73,7.62,551718.0,,,,,,,,
2011-04-06,7.8,7.87,7.93,7.73,983568.0,,,,,,,,
2011-04-07,7.87,8.1,8.19,7.85,2088735.0,,,,,,,,
2011-04-08,8.08,8.12,8.15,8.01,1451242.0,,,,,,,,
2011-04-11,8.2,8.06,8.28,8.04,1583692.0,,,,,,,,
2011-04-12,7.99,7.92,7.99,7.86,1002541.0,,,,,,,,
2011-04-13,7.8,7.93,7.94,7.78,624960.0,,,,,,,,
2011-04-14,7.92,7.91,7.97,7.81,621160.0,,,,,,,,
2011-04-15,7.99,7.97,8.05,7.91,757259.0,,,,,,,,
2011-04-18,7.97,7.93,8.08,7.87,758865.0,,,,,,,,
2011-04-19,7.93,7.94,8.1,7.91,1023806.0,,,,,,,,
2011-04-20,7.98,8.17,8.27,7.83,2319740.0,,,,,,,,
2011-04-21,8.24,8.09,8.25,8.03,1424126.0,,,,,,,,
2011-04-22,8.09,8.19,8.24,8.04,1884015.0,,,,,,,,
2011-04-25,8.19,7.96,8.19,7.88,1386116.0,,,,,,,,
2011-04-26,7.82,7.72,7.88,7.7,872385.0,,,,,,,,
2011-04-27,7.76,7.66,7.81,7.6,676786.0,,,,,,,,
2011-04-28,7.82,7.62,7.85,7.61,565803.0,,,,,,,,
2011-04-29,7.65,7.72,7.73,7.63,396576.0,,,,,,,,
2011-05-03,7.7,7.56,7.71,7.23,811201.0,,,,,,,,
2011-05-04,7.41,7.26,7.43,7.22,723847.0,,,,,,,,
2011-05-05,7.13,7.23,7.27,7.1,430371.0,,,,,,,,
2011-05-06,7.07,7.18,7.2,7.01,518928.0,,,,,,,,
2011-05-09,7.3,7.32,7.39,7.28,507640.0,,,,,,,,
2011-05-10,7.32,7.35,7.39,7.3,335361.0,,,,,,,,
2011-05-11,7.37,7.31,7.39,7.29,305251.0,,,,,,,,
2011-05-12,7.2,7.13,7.3,7.12,454739.0,,,,,,,,
2011-05-13,7.15,7.24,7.25,7.13,334358.0,,,,,,,,
2011-05-16,7.19,7.15,7.23,7.13,286840.0,,,,,,,,
2011-05-17,7.13,7.21,7.28,7.08,354497.0,,,,,,,,
2011-05-18,7.17,7.19,7.23,7.12,242133.0,,,,,,,,
2011-05-19,7.22,7.16,7.26,7.15,272980.0,,,,,,,,
2011-05-20,7.17,7.18,7.2,7.12,221535.0,,,,,,,,
2011-05-23,7.19,7.0,7.2,7.0,440796.0,,,,,,,,
2011-05-24,7.01,7.09,7.11,7.0,283845.0,,,,,,,,
2011-05-25,7.1,7.04,7.15,7.02,245283.0,,,,,,,,
2011-05-26,7.1,7.05,7.15,7.04,216740.0,,,,,,,,
2011-05-27,7.06,6.97,7.09,6.96,321207.0,,,,,,,,
2011-05-31,7.02,7.13,7.14,7.02,358433.0,,,,,,,,
2011-06-01,7.11,7.1,7.14,7.07,254316.0,,,,,,,,
2011-06-02,7.09,7.12,7.18,7.05,448197.0,,,,,,,,
2011-06-03,7.07,7.12,7.14,7.05,299447.0,,,,,,,,
2011-06-07,7.12,7.22,7.23,7.09,436324.0,,,,,,,,
2011-06-08,7.2,7.17,7.2,7.11,301765.0,,,,,,,,
2011-06-09,7.15,7.19,7.37,7.13,674176.0,,,,,,,,
2011-06-10,7.16,7.13,7.2,7.04,401109.0,,,,,,,,
2011-06-13,7.06,7.16,7.2,7.0,349593.0,,,,,,,,
2011-06-14,7.12,7.17,7.19,7.09,403278.0,,,,,,,,
2011-06-15,7.15,7.09,7.2,7.08,293248.0,,,,,,,,
2011-06-16,7.05,6.88,7.06,6.87,640990.0,,,,,,,,
2011-06-17,6.88,6.78,6.93,6.77,304550.0,,,,,,,,
2011-06-20,6.78,6.73,6.84,6.7,225820.0,,,,,,,,
2011-06-21,6.8,6.79,6.81,6.7,221662.0,,,,,,,,
2011-06-22,6.81,6.75,6.82,6.73,189427.0,,,,,,,,
2011-06-23,6.71,6.84,6.85,6.7,259630.0,,,,,,,,
2011-06-24,6.77,7.01,7.03,6.74,627173.0,,,,,,,,
2011-06-27,7.03,7.05,7.07,6.99,471043.0,,,,,,,,
2011-06-28,7.05,7.14,7.22,7.03,502507.0,,,,,,,,
2011-06-29,7.16,7.08,7.17,7.08,315961.0,,,,,,,,
2011-06-30,7.12,7.24,7.26,7.11,643335.0,,,,,,,,
2011-07-01,7.27,7.3,7.33,7.21,695810.0,,,,,,,,
2011-07-04,4.9,5.28,5.28,4.86,1069116.0,,,,,,,,
2011-07-05,5.52,5.36,5.57,5.29,5019742.0,,,,,,,,
2011-07-06,5.35,5.31,5.35,5.21,1836275.0,,,,,,,,
2011-07-07,5.3,5.32,5.43,5.29,1753800.0,,,,,,,,
2011-07-08,5.35,5.28,5.36,5.25,1054623.0,,,,,,,,
2011-07-11,5.29,5.3,5.33,5.25,971819.0,,,,,,,,
2011-07-12,5.28,5.22,5.32,5.22,1124980.0,,,,,,,,
2011-07-13,5.28,5.44,5.49,5.28,3324692.0,,,,,,,,
2011-07-14,5.51,5.78,5.97,5.51,4652881.0,,,,,,,,
2011-07-15,5.74,5.75,5.83,5.66,2068637.0,,,,,,,,
2011-07-18,5.77,5.77,5.85,5.72,1966715.0,,,,,,,,
2011-07-19,5.79,5.83,5.94,5.79,2393207.0,,,,,,,,
2011-07-20,5.78,5.65,5.79,5.6,2012697.0,,,,,,,,
2011-07-21,5.65,5.53,5.69,5.5,1316189.0,,,,,,,,
2011-07-22,5.51,5.54,5.58,5.45,940618.0,,,,,,,,
2011-07-25,5.62,5.47,5.64,5.41,1491908.0,,,,,,,,
2011-07-26,5.47,5.5,5.53,5.43,861782.0,,,,,,,,
2011-07-27,5.52,5.7,5.75,5.51,2106535.0,,,,,,,,
2011-07-28,5.6,5.6,5.65,5.51,1119239.0,,,,,,,,
2011-07-29,5.58,5.51,5.65,5.48,934024.0,,,,,,,,
2011-08-01,5.52,5.5,5.59,5.48,718146.0,,,,,,,,
2011-08-02,5.5,5.51,5.52,5.33,959331.0,,,,,,,,
2011-08-03,5.61,5.63,5.65,5.53,1538685.0,,,,,,,,
2011-08-04,5.62,5.61,5.73,5.59,1190462.0,,,,,,,,
2011-08-05,5.38,5.5,5.59,5.33,1160421.0,,,,,,,,
2011-08-08,5.45,5.73,5.9,5.28,4587595.0,,,,,,,,
2011-08-09,5.72,5.67,5.83,5.6,3643753.0,,,,,,,,
2011-08-10,5.72,5.72,5.78,5.63,1991945.0,,,,,,,,
2011-08-11,5.83,5.72,5.88,5.71,2296747.0,,,,,,,,
2011-08-12,5.64,5.66,5.68,5.6,1474193.0,,,,,,,,
2011-08-15,5.62,5.6,5.63,5.55,1170213.0,,,,,,,,
2011-08-16,5.62,5.68,5.7,5.54,1498339.0,,,,,,,,
2011-08-17,5.69,5.62,5.73,5.59,927565.0,,,,,,,,
2011-08-18,5.6,5.56,5.65,5.55,808206.0,,,,,,,,
2011-08-19,5.62,5.7,5.72,5.58,2271501.0,,,,,,,,
2011-08-22,5.72,5.71,5.74,5.62,1525032.0,,,,,,,,
2011-08-23,5.72,5.66,5.73,5.63,1229735.0,,,,,,,,
2011-08-24,5.6,5.5,5.61,5.48,1688560.0,,,,,,,,
2011-08-25,5.35,5.51,5.52,5.29,1631248.0,,,,,,,,
2011-08-26,5.49,5.49,5.54,5.45,874147.0,,,,,,,,
2011-08-29,5.49,5.4,5.51,5.39,837602.0,,,,,,,,
2011-08-30,5.42,5.37,5.45,5.36,731656.0,,,,,,,,
2011-08-31,5.4,5.36,5.42,5.33,515079.0,,,,,,,,
2011-09-01,5.36,5.31,5.39,5.3,534530.0,,,,,,,,
2011-09-02,5.31,5.2,5.33,5.18,927197.0,,,,,,,,
2011-09-05,5.24,5.2,5.29,5.18,732811.0,,,,,,,,
2011-09-06,5.2,5.34,5.35,5.2,1264977.0,,,,,,,,
2011-09-07,5.28,5.31,5.33,5.24,727685.0,,,,,,,,
2011-09-08,5.28,5.27,5.28,5.22,537605.0,,,,,,,,
2011-09-09,5.3,5.23,5.31,5.22,461834.0,,,,,,,,
2011-09-13,5.16,5.07,5.16,5.03,740098.0,,,,,,,,
2011-09-14,5.1,5.06,5.12,4.98,505198.0,,,,,,,,
2011-09-15,5.07,5.03,5.07,5.01,469670.0,,,,,,,,
2011-09-16,5.02,5.02,5.06,4.99,508329.0,,,,,,,,
2011-09-19,5.03,4.97,5.05,4.96,400312.0,,,,,,,,
2011-09-20,4.93,4.91,4.95,4.86,470947.0,,,,,,,,
2011-09-21,4.92,5.01,5.03,4.88,839338.0,,,,,,,,
2011-09-22,4.96,4.85,4.99,4.83,857590.0,,,,,,,,
2011-09-23,4.75,4.71,4.75,4.64,993980.0,,,,,,,,
2011-09-26,4.61,4.5,4.67,4.47,1070479.0,,,,,,,,
2011-09-27,4.52,4.52,4.55,4.46,826228.0,,,,,,,,
2011-09-28,4.54,4.47,4.54,4.45,682499.0,,,,,,,,
2011-09-29,4.4,4.29,4.4,4.25,806506.0,,,,,,,,
2011-09-30,4.31,4.34,4.34,4.26,527424.0,,,,,,,,
2011-10-10,4.36,4.33,4.39,4.3,409171.0,,,,,,,,
2011-10-11,4.42,4.36,4.47,4.33,531663.0,,,,,,,,
2011-10-12,4.34,4.5,4.52,4.31,885270.0,,,,,,,,
2011-10-13,4.48,4.57,4.63,4.45,916845.0,,,,,,,,
2011-10-14,4.56,4.52,4.56,4.46,542801.0,,,,,,,,
2011-10-17,4.53,4.53,4.58,4.5,498070.0,,,,,,,,
2011-10-18,4.5,4.36,4.51,4.35,568206.0,,,,,,,,
2011-10-19,4.37,4.31,4.4,4.29,454314.0,,,,,,,,
2011-10-20,4.29,4.17,4.29,4.13,690365.0,,,,,,,,
2011-10-21,4.16,4.1,4.16,4.05,564916.0,,,,,,,,
2011-10-24,4.11,4.19,4.19,4.05,524213.0,,,,,,,,
2011-10-25,4.19,4.31,4.36,4.16,891194.0,,,,,,,,
2011-10-26,4.34,4.58,4.74,4.34,2338229.0,,,,,,,,
2011-10-27,4.57,4.53,4.57,4.46,1110542.0,,,,,,,,
2011-10-28,4.64,4.61,4.69,4.56,1392468.0,,,,,,,,
2011-10-31,4.6,4.53,4.61,4.48,1030982.0,,,,,,,,
2011-11-01,4.46,4.51,4.55,4.45,634599.0,,,,,,,,
2011-11-02,4.44,4.56,4.57,4.41,1042678.0,,,,,,,,
2011-11-03,4.57,4.6,4.68,4.56,1505458.0,,,,,,,,
2011-11-04,4.68,4.7,4.79,4.66,1624457.0,,,,,,,,
2011-11-07,4.68,4.76,4.78,4.62,1373697.0,,,,,,,,
2011-11-08,4.91,4.78,4.94,4.77,1666181.0,,,,,,,,
2011-11-09,4.79,4.78,4.82,4.7,805700.0,,,,,,,,
2011-11-10,4.71,4.65,4.71,4.64,870629.0,,,,,,,,
2011-11-11,4.63,4.64,4.68,4.62,420136.0,,,,,,,,
2011-11-14,4.7,4.75,4.78,4.68,852976.0,,,,,,,,
2011-11-15,4.72,4.71,4.73,4.68,555551.0,,,,,,,,
2011-11-16,4.71,4.61,4.74,4.57,704094.0,,,,,,,,
2011-11-17,4.6,4.57,4.63,4.54,474701.0,,,,,,,,
2011-11-18,4.48,4.45,4.5,4.43,533335.0,,,,,,,,
2011-11-21,4.45,4.43,4.47,4.38,365429.0,,,,,,,,
2011-11-22,4.37,4.42,4.43,4.33,393399.0,,,,,,,,
2011-11-23,4.43,4.38,4.46,4.37,339874.0,,,,,,,,
2011-11-24,4.3,4.33,4.38,4.26,469938.0,,,,,,,,
2011-11-25,4.33,4.33,4.39,4.29,357971.0,,,,,,,,
2011-11-28,4.35,4.34,4.38,4.31,299478.0,,,,,,,,
2011-11-29,4.39,4.44,4.45,4.36,482288.0,,,,,,,,
2011-11-30,4.44,4.27,4.46,4.25,697375.0,,,,,,,,
2011-12-01,4.45,4.43,4.51,4.4,1183665.0,,,,,,,,
2011-12-02,4.4,4.41,4.43,4.33,470554.0,,,,,,,,
2011-12-05,4.41,4.33,4.41,4.31,434141.0,,,,,,,,
2011-12-06,4.28,4.26,4.3,4.19,475317.0,,,,,,,,
2011-12-07,4.24,4.27,4.27,4.22,246248.0,,,,,,,,
2011-12-08,4.27,4.26,4.3,4.21,289201.0,,,,,,,,
2011-12-09,4.2,4.22,4.23,4.19,261736.0,,,,,,,,
2011-12-12,4.22,4.16,4.23,4.15,270694.0,,,,,,,,
2011-12-13,4.11,4.06,4.12,4.05,277478.0,,,,,,,,
2011-12-14,4.02,4.0,4.06,4.0,290760.0,,,,,,,,
2011-12-15,3.93,3.82,3.93,3.79,425258.0,,,,,,,,
2011-12-16,3.81,3.92,3.93,3.8,447064.0,,,,,,,,
2011-12-19,3.9,3.85,3.9,3.76,528647.0,,,,,,,,
2011-12-20,3.82,3.84,3.88,3.8,373850.0,,,,,,,,
2011-12-21,3.9,3.83,3.92,3.82,310832.0,,,,,,,,
2011-12-22,3.8,3.8,3.85,3.72,448982.0,,,,,,,,
2011-12-23,3.76,3.84,3.88,3.76,330125.0,,,,,,,,
2011-12-26,3.81,3.82,3.85,3.77,277739.0,,,,,,,,
2011-12-27,3.8,3.77,3.84,3.76,292352.0,,,,,,,,
2011-12-28,3.75,3.78,3.79,3.73,258279.0,,,,,,,,
2011-12-29,3.75,3.77,3.79,3.74,233682.0,,,,,,,,
2011-12-30,3.78,3.82,3.84,3.78,302739.0,,,,,,,,
2012-01-04,3.88,3.81,3.9,3.8,312648.0,,,,,,,,
2012-01-05,3.79,3.78,3.82,3.76,295751.0,,,,,,,,
2012-01-06,3.77,3.8,3.8,3.72,322622.0,,,,,,,,
2012-01-09,3.79,3.93,3.94,3.75,959632.0,,,,,,,,
2012-01-10,3.91,4.12,4.14,3.89,1224748.0,,,,,,,,
2012-01-11,4.15,4.16,4.25,4.07,1011947.0,,,,,,,,
2012-01-12,4.11,4.15,4.18,4.09,707835.0,,,,,,,,
2012-01-13,4.15,4.06,4.18,4.02,607660.0,,,,,,,,
2012-01-16,4.0,3.96,4.03,3.95,406862.0,,,,,,,,
2012-01-17,3.98,4.36,4.36,3.96,1689598.0,,,,,,,,
2012-01-18,4.45,4.29,4.55,4.27,1952195.0,,,,,,,,
2012-01-19,4.28,4.48,4.69,4.27,1878090.0,,,,,,,,
2012-01-20,4.49,4.47,4.5,4.36,947229.0,,,,,,,,
2012-01-30,4.56,4.49,4.66,4.48,1691781.0,,,,,,,,
2012-01-31,4.44,4.44,4.47,4.39,750167.0,,,,,,,,
2012-02-01,4.43,4.37,4.5,4.36,958334.0,,,,,,,,
2012-02-02,4.42,4.46,4.47,4.37,619937.0,,,,,,,,
2012-02-03,4.47,4.5,4.53,4.46,761305.0,,,,,,,,
2012-02-06,4.47,4.45,4.49,4.42,620847.0,,,,,,,,
2012-02-07,4.41,4.35,4.41,4.3,731288.0,,,,,,,,
2012-02-08,4.38,4.53,4.59,4.36,1429394.0,,,,,,,,
2012-02-09,4.48,4.5,4.53,4.47,919636.0,,,,,,,,
2012-02-10,4.5,4.5,4.58,4.47,980999.0,,,,,,,,
2012-02-13,4.45,4.53,4.56,4.41,901091.0,,,,,,,,
2012-02-14,4.55,4.48,4.55,4.45,599787.0,,,,,,,,
2012-02-15,4.51,4.52,4.56,4.46,928932.0,,,,,,,,
2012-02-16,4.5,4.48,4.52,4.44,718773.0,,,,,,,,
2012-02-17,4.48,4.48,4.52,4.45,408122.0,,,,,,,,
2012-02-20,4.52,4.55,4.58,4.49,1426797.0,,,,,,,,
2012-02-21,4.54,4.54,4.55,4.46,677064.0,,,,,,,,
2012-02-22,4.57,4.58,4.61,4.55,1069892.0,,,,,,,,
2012-02-23,4.59,4.71,4.76,4.59,2200894.0,,,,,,,,
2012-02-24,4.71,4.72,4.74,4.66,1242534.0,,,,,,,,
2012-02-27,4.73,4.73,4.81,4.71,1340170.0,,,,,,,,
2012-02-28,4.72,4.69,4.72,4.62,955713.0,,,,,,,,
2012-02-29,4.71,4.75,4.85,4.66,1327316.0,,,,,,,,
2012-03-01,4.58,4.65,4.67,4.53,1101863.0,,,,,,,,
2012-03-02,4.65,4.68,4.7,4.65,839880.0,,,,,,,,
2012-03-05,4.67,4.64,4.7,4.61,811403.0,,,,,,,,
2012-03-06,4.62,4.53,4.63,4.52,894194.0,,,,,,,,
2012-03-07,4.46,4.46,4.5,4.42,777037.0,,,,,,,,
2012-03-08,4.48,4.5,4.52,4.47,659533.0,,,,,,,,
2012-03-09,4.52,4.56,4.58,4.5,739112.0,,,,,,,,
2012-03-12,4.58,4.55,4.58,4.5,746815.0,,,,,,,,
2012-03-13,4.58,4.55,4.58,4.51,556226.0,,,,,,,,
2012-03-14,4.55,4.42,4.58,4.38,1609445.0,,,,,,,,
2012-03-15,4.34,4.32,4.39,4.28,1206386.0,,,,,,,,
2012-03-16,4.39,4.36,4.39,4.28,741321.0,,,,,,,,
2012-03-19,4.36,4.4,4.4,4.32,601697.0,,,,,,,,
2012-03-20,4.38,4.33,4.39,4.31,492923.0,,,,,,,,
2012-03-21,4.35,4.43,4.53,4.3,1056728.0,,,,,,,,
2012-03-23,4.35,4.32,4.37,4.3,646846.0,,,,,,,,
2012-03-26,4.34,4.31,4.35,4.29,291893.0,,,,,,,,
2012-03-27,4.36,4.36,4.41,4.34,440699.0,,,,,,,,
2012-03-28,4.34,4.21,4.34,4.2,570551.0,,,,,,,,
2012-03-29,4.17,4.1,4.18,4.08,518094.0,,,,,,,,
2012-03-30,4.1,4.11,4.13,4.08,364036.0,,,,,,,,
2012-04-05,4.08,4.16,4.17,4.04,733837.0,,,,,,,,
2012-04-06,4.15,4.15,4.17,4.11,387204.0,,,,,,,,
2012-04-09,4.15,4.16,4.21,4.07,433537.0,,,,,,,,
2012-04-10,4.15,4.17,4.18,4.09,393490.0,,,,,,,,
2012-04-11,4.14,4.23,4.25,4.12,798039.0,,,,,,,,
2012-04-12,4.22,4.28,4.29,4.19,731089.0,,,,,,,,
2012-04-13,4.3,4.32,4.37,4.3,681837.0,,,,,,,,
2012-04-16,4.28,4.26,4.32,4.24,471944.0,,,,,,,,
2012-04-17,4.25,4.22,4.26,4.2,345713.0,,,,,,,,
2012-04-18,4.24,4.35,4.37,4.22,902789.0,,,,,,,,
2012-04-19,4.31,4.31,4.33,4.29,372437.0,,,,,,,,
2012-04-20,4.31,4.34,4.35,4.28,508396.0,,,,,,,,
2012-04-23,4.32,4.29,4.33,4.28,385428.0,,,,,,,,
2012-04-24,4.26,4.27,4.36,4.2,707339.0,,,,,,,,
2012-04-25,4.28,4.4,4.41,4.26,1321461.0,,,,,,,,
2012-04-26,4.38,4.38,4.41,4.34,545218.0,,,,,,,,
2012-04-27,4.35,4.3,4.38,4.28,723421.0,,,,,,,,
2012-05-02,4.35,4.4,4.44,4.31,1039944.0,,,,,,,,
2012-05-03,4.38,4.37,4.4,4.35,579814.0,,,,,,,,
2012-05-04,4.33,4.38,4.38,4.31,580863.0,,,,,,,,
2012-05-07,4.34,4.39,4.4,4.32,648037.0,,,,,,,,
2012-05-08,4.38,4.38,4.39,4.34,629891.0,,,,,,,,
2012-05-09,4.32,4.28,4.33,4.27,590252.0,,,,,,,,
2012-05-10,4.26,4.26,4.29,4.25,416876.0,,,,,,,,
2012-05-11,4.26,4.2,4.28,4.19,504353.0,,,,,,,,
2012-05-14,4.22,4.15,4.25,4.15,523957.0,,,,,,,,
2012-05-15,4.11,4.14,4.15,4.1,413901.0,,,,,,,,
2012-05-16,4.12,4.08,4.12,4.07,588788.0,,,,,,,,
2012-05-17,4.08,4.13,4.14,4.06,485634.0,,,,,,,,
2012-05-18,4.12,4.12,4.19,4.1,609034.0,,,,,,,,
2012-05-21,4.12,4.13,4.16,4.11,371687.0,,,,,,,,
2012-05-22,4.14,4.14,4.16,4.11,377775.0,,,,,,,,
2012-05-23,4.11,4.08,4.12,4.03,628632.0,,,,,,,,
2012-05-24,4.04,4.05,4.08,4.03,334130.0,,,,,,,,
2012-05-25,4.06,4.05,4.07,4.02,320410.0,,,,,,,,
2012-05-29,4.06,4.14,4.16,4.05,727528.0,,,,,,,,
2012-05-30,4.12,4.11,4.13,4.09,412783.0,,,,,,,,
2012-06-01,4.2,4.14,4.25,4.12,728622.0,,,,,,,,
2012-06-04,4.22,4.15,4.27,4.14,983334.0,,,,,,,,
2012-06-05,4.15,4.1,4.16,4.05,463463.0,,,,,,,,
2012-06-06,4.12,4.19,4.27,4.08,1261347.0,,,,,,,,
2012-06-07,4.2,4.14,4.2,4.12,632460.0,,,,,,,,
2012-06-08,4.1,4.07,4.12,4.06,513319.0,,,,,,,,
2012-06-11,4.08,4.11,4.12,4.06,313975.0,,,,,,,,
2012-06-12,4.08,4.07,4.08,4.05,286062.0,,,,,,,,
2012-06-13,4.09,4.09,4.1,4.05,301714.0,,,,,,,,
2012-06-14,4.08,4.07,4.1,4.06,250463.0,,,,,,,,
2012-06-15,4.06,4.08,4.09,4.05,359773.0,,,,,,,,
2012-06-18,4.1,4.08,4.11,4.07,235260.0,,,,,,,,
2012-06-19,4.08,4.06,4.09,4.05,230413.0,,,,,,,,
2012-06-20,4.06,4.06,4.08,4.05,241759.0,,,,,,,,
2012-06-21,4.04,3.99,4.05,3.97,470416.0,,,,,,,,
2012-06-25,3.96,3.89,3.96,3.88,453532.0,,,,,,,,
2012-06-26,3.89,3.9,3.92,3.83,438081.0,,,,,,,,
2012-06-27,3.89,3.87,3.91,3.86,300977.0,,,,,,,,
2012-06-28,3.88,3.83,3.89,3.83,222470.0,,,,,,,,
2012-06-29,3.8,3.88,3.88,3.79,287286.0,,,,,,,,
2012-07-02,3.92,3.9,3.94,3.89,252825.0,,,,,,,,
2012-07-03,3.9,3.89,3.92,3.88,216544.0,,,,,,,,
2012-07-04,3.92,3.91,3.94,3.9,224833.0,,,,,,,,
2012-07-05,3.9,3.88,3.91,3.86,288578.0,,,,,,,,
2012-07-06,3.83,3.84,3.84,3.76,285581.0,,,,,,,,
2012-07-09,3.79,3.76,3.8,3.75,283704.0,,,,,,,,
2012-07-10,3.76,3.71,3.77,3.7,324121.0,,,,,,,,
2012-07-11,3.7,3.72,3.72,3.67,275714.0,,,,,,,,
2012-07-12,3.7,3.73,3.79,3.67,536227.0,,,,,,,,
2012-07-13,3.71,3.74,3.78,3.71,252662.0,,,,,,,,
2012-07-16,3.77,3.7,3.78,3.69,353462.0,,,,,,,,
2012-07-17,3.71,3.76,3.76,3.69,271236.0,,,,,,,,
2012-07-18,3.73,3.74,3.75,3.7,211719.0,,,,,,,,
2012-07-19,3.74,3.76,3.79,3.71,312623.0,,,,,,,,
2012-07-20,3.74,3.74,3.76,3.72,266129.0,,,,,,,,
2012-07-23,3.73,3.7,3.74,3.69,211912.0,,,,,,,,
2012-07-24,3.68,3.69,3.72,3.67,238761.0,,,,,,,,
2012-07-25,3.68,3.69,3.71,3.67,160413.0,,,,,,,,
2012-07-26,3.71,3.73,3.77,3.7,356341.0,,,,,,,,
2012-07-27,3.75,3.74,3.75,3.72,259976.0,,,,,,,,
2012-07-30,3.72,3.66,3.75,3.66,271334.0,,,,,,,,
2012-07-31,3.66,3.67,3.7,3.65,252591.0,,,,,,,,
2012-08-01,3.66,3.7,3.72,3.65,210444.0,,,,,,,,
2012-08-02,3.69,3.66,3.69,3.66,185812.0,,,,,,,,
2012-08-03,3.66,3.7,3.7,3.66,224438.0,,,,,,,,
2012-08-06,3.7,3.76,3.77,3.7,456219.0,,,,,,,,
2012-08-07,3.81,3.99,4.11,3.81,1511145.0,,,,,,,,
2012-08-08,3.97,3.97,4.02,3.9,833744.0,,,,,,,,
2012-08-09,3.96,3.96,3.98,3.92,473356.0,,,,,,,,
2012-08-10,3.96,3.95,4.04,3.94,437128.0,,,,,,,,
2012-08-13,3.93,3.88,3.94,3.86,459674.0,,,,,,,,
2012-08-14,3.88,3.85,3.9,3.81,349552.0,,,,,,,,
2012-08-15,3.85,3.8,3.85,3.79,263865.0,,,,,,,,
2012-08-16,3.78,3.79,3.84,3.78,266180.0,,,,,,,,
2012-08-17,3.82,3.83,3.84,3.77,293895.0,,,,,,,,
2012-08-20,3.81,3.8,3.82,3.77,316885.0,,,,,,,,
2012-08-21,3.79,3.83,3.88,3.78,389057.0,,,,,,,,
2012-08-22,3.88,3.83,3.9,3.81,369614.0,,,,,,,,
2012-08-23,3.86,3.92,3.95,3.85,800577.0,,,,,,,,
2012-08-24,3.92,3.84,3.92,3.83,513280.0,,,,,,,,
2012-08-27,3.85,3.81,3.9,3.81,628389.0,,,,,,,,
2012-08-28,3.78,3.78,3.79,3.73,398833.0,,,,,,,,
2012-08-29,3.77,3.74,3.78,3.72,212956.0,,,,,,,,
2012-08-30,3.71,3.72,3.74,3.67,369766.0,,,,,,,,
2012-08-31,3.7,3.68,3.72,3.67,295068.0,,,,,,,,
2012-09-03,3.72,3.76,3.81,3.72,649049.0,,,,,,,,
2012-09-04,3.77,3.72,3.79,3.7,302757.0,,,,,,,,
2012-09-05,3.71,3.74,3.78,3.69,308212.0,,,,,,,,
2012-09-06,3.73,3.8,3.8,3.73,379288.0,,,,,,,,
2012-09-07,3.8,3.91,3.96,3.78,1248439.0,,,,,,,,
2012-09-10,4.01,3.97,4.04,3.93,1280577.0,,,,,,,,
2012-09-11,3.93,3.95,4.01,3.91,719940.0,,,,,,,,
2012-09-12,3.99,3.99,4.03,3.95,721091.0,,,,,,,,
2012-09-13,3.97,3.9,3.97,3.9,616563.0,,,,,,,,
2012-09-14,4.1,4.03,4.15,3.99,1902070.0,,,,,,,,
2012-09-17,4.04,3.98,4.09,3.97,1220044.0,,,,,,,,
2012-09-18,3.92,3.89,3.93,3.86,649820.0,,,,,,,,
2012-09-19,3.89,4.08,4.1,3.88,1555359.0,,,,,,,,
2012-09-20,4.02,3.96,4.1,3.94,1486785.0,,,,,,,,
2012-09-21,3.96,4.1,4.18,3.96,2501467.0,,,,,,,,
2012-09-24,4.0,4.03,4.04,3.96,1454308.0,,,,,,,,
2012-09-25,3.99,3.91,4.0,3.88,1286181.0,,,,,,,,
2012-09-26,3.88,3.8,3.89,3.78,820560.0,,,,,,,,
2012-09-27,3.76,3.86,3.96,3.75,1102119.0,,,,,,,,
2012-09-28,3.9,4.01,4.06,3.87,1820246.0,,,,,,,,
2012-10-08,3.99,3.93,3.99,3.9,960496.0,,,,,,,,
2012-10-09,3.94,3.99,4.01,3.93,833428.0,,,,,,,,
2012-10-10,3.95,3.99,4.0,3.92,731668.0,,,,,,,,
2012-10-11,3.96,3.96,4.02,3.93,657845.0,,,,,,,,
2012-10-12,3.97,3.94,4.0,3.92,519171.0,,,,,,,,
2012-10-15,3.89,3.89,3.9,3.86,497700.0,,,,,,,,
2012-10-16,3.86,3.89,3.91,3.85,342523.0,,,,,,,,
2012-10-17,3.9,3.88,3.92,3.86,403058.0,,,,,,,,
2012-10-18,3.9,3.93,3.94,3.88,512396.0,,,,,,,,
2012-10-19,3.91,3.9,3.93,3.89,379556.0,,,,,,,,
2012-10-22,3.86,3.9,3.92,3.85,373404.0,,,,,,,,
2012-10-23,3.9,3.9,3.93,3.89,294806.0,,,,,,,,
2012-10-24,3.87,3.88,3.91,3.86,264200.0,,,,,,,,
2012-10-25,3.88,3.9,3.91,3.87,378326.0,,,,,,,,
2012-10-26,3.92,3.82,3.92,3.81,500846.0,,,,,,,,
2012-10-29,3.81,3.83,3.86,3.8,267389.0,,,,,,,,
2012-10-30,3.82,3.81,3.85,3.8,253221.0,,,,,,,,
2012-10-31,3.82,3.81,3.83,3.79,218586.0,,,,,,,,
2012-11-01,3.81,3.88,3.91,3.81,439845.0,,,,,,,,
2012-11-02,3.88,3.87,3.89,3.84,276334.0,,,,,,,,
2012-11-05,3.84,3.84,3.86,3.82,291257.0,,,,,,,,
2012-11-06,3.84,3.87,3.87,3.8,377764.0,,,,,,,,
2012-11-07,3.88,3.92,3.96,3.87,716202.0,,,,,,,,
2012-11-08,3.88,3.83,3.89,3.82,437408.0,,,,,,,,
2012-11-09,3.84,3.84,3.87,3.83,292368.0,,,,,,,,
2012-11-12,3.85,3.84,3.86,3.82,285634.0,,,,,,,,
2012-11-13,3.82,3.78,3.83,3.77,297682.0,,,,,,,,
2012-11-14,3.78,3.8,3.81,3.77,174898.0,,,,,,,,
2012-11-15,3.8,3.73,3.8,3.72,258495.0,,,,,,,,
2012-11-16,3.73,3.69,3.74,3.67,311223.0,,,,,,,,
2012-11-19,3.7,3.71,3.71,3.68,207065.0,,,,,,,,
2012-11-20,3.73,3.72,3.75,3.7,204161.0,,,,,,,,
2012-11-21,3.71,3.74,3.74,3.67,219431.0,,,,,,,,
2012-11-22,3.73,3.7,3.73,3.69,132553.0,,,,,,,,
2012-11-23,3.72,3.71,3.73,3.7,245790.0,,,,,,,,
2012-11-26,3.73,3.74,3.75,3.71,275286.0,,,,,,,,
2012-11-27,3.74,3.7,3.75,3.69,241018.0,,,,,,,,
2012-11-28,3.68,3.62,3.68,3.6,356176.0,,,,,,,,
2012-11-29,3.6,3.58,3.63,3.57,270567.0,,,,,,,,
2012-11-30,3.58,3.6,3.61,3.58,244176.0,,,,,,,,
2012-12-03,3.59,3.56,3.59,3.55,219516.0,,,,,,,,
2012-12-04,3.56,3.53,3.57,3.49,310399.0,,,,,,,,
2012-12-05,3.51,3.62,3.65,3.5,513885.0,,,,,,,,
2012-12-06,3.6,3.6,3.63,3.58,302602.0,,,,,,,,
2012-12-07,3.6,3.65,3.65,3.58,657083.0,,,,,,,,
2012-12-10,3.65,3.68,3.69,3.63,634389.0,,,,,,,,
2012-12-11,3.67,3.67,3.69,3.64,326163.0,,,,,,,,
2012-12-12,3.67,3.72,3.73,3.64,637373.0,,,,,,,,
2012-12-13,3.69,3.65,3.7,3.64,437028.0,,,,,,,,
2012-12-14,3.64,3.77,3.78,3.61,1048087.0,,,,,,,,
2012-12-17,3.77,3.79,3.84,3.73,905437.0,,,,,,,,
2012-12-18,3.79,3.78,3.83,3.77,541089.0,,,,,,,,
2012-12-19,3.74,3.74,3.77,3.73,553228.0,,,,,,,,
2012-12-20,3.73,3.76,3.77,3.7,403658.0,,,,,,,,
2012-12-21,3.72,3.71,3.77,3.71,475245.0,,,,,,,,
2012-12-24,3.71,3.72,3.73,3.69,357423.0,,,,,,,,
2012-12-25,3.71,3.76,3.8,3.69,866923.0,,,,,,,,
2012-12-26,3.76,3.81,3.85,3.75,1217473.0,,,,,,,,
2012-12-27,3.8,3.78,3.81,3.76,731426.0,,,,,,,,
2012-12-28,3.78,3.8,3.81,3.77,594388.0,,,,,,,,
2012-12-31,3.8,3.83,3.86,3.8,804948.0,,,,,,,,
2013-01-04,3.87,3.81,3.87,3.79,798242.0,,,,,,,,
2013-01-07,3.8,3.8,3.81,3.76,668055.0,,,,,,,,
2013-01-08,3.8,3.79,3.81,3.76,562355.0,,,,,,,,
2013-01-09,3.79,3.8,3.81,3.77,525261.0,,,,,,,,
2013-01-10,3.79,3.83,3.85,3.77,847721.0,,,,,,,,
2013-01-11,3.85,3.78,3.85,3.76,615640.0,,,,,,,,
2013-01-14,3.76,3.84,3.85,3.75,888882.0,,,,,,,,
2013-01-15,3.84,3.87,3.88,3.82,1149818.0,,,,,,,,
2013-01-16,3.88,3.91,3.94,3.85,1323697.0,,,,,,,,
2013-01-17,3.9,3.84,3.9,3.83,627313.0,,,,,,,,
2013-01-18,3.87,3.87,3.89,3.83,638696.0,,,,,,,,
2013-01-21,3.87,3.86,3.88,3.84,609831.0,,,,,,,,
2013-01-22,3.86,3.81,3.87,3.8,650443.0,,,,,,,,
2013-01-23,3.81,3.81,3.83,3.78,444473.0,,,,,,,,
2013-01-24,3.8,3.77,3.83,3.76,752079.0,,,,,,,,
2013-01-25,3.76,3.77,3.8,3.75,392653.0,,,,,,,,
2013-01-28,3.79,3.8,3.81,3.77,627513.0,,,,,,,,
2013-01-29,3.8,3.82,3.84,3.78,784915.0,,,,,,,,
2013-01-30,3.82,3.81,3.82,3.78,563017.0,,,,,,,,
2013-01-31,3.83,3.87,3.9,3.82,1266061.0,,,,,,,,
2013-02-01,3.84,3.85,3.86,3.81,685643.0,,,,,,,,
2013-02-04,3.88,3.87,3.9,3.81,1153982.0,,,,,,,,
2013-02-05,3.85,3.91,3.93,3.85,1100765.0,,,,,,,,
2013-02-06,3.9,3.87,3.92,3.87,605684.0,,,,,,,,
2013-02-07,3.88,3.9,3.91,3.85,701908.0,,,,,,,,
2013-02-08,3.89,3.91,3.91,3.87,590033.0,,,,,,,,
2013-02-18,3.86,3.81,3.86,3.8,1311775.0,,,,,,,,
2013-02-19,3.81,3.78,3.82,3.76,778693.0,,,,,,,,
2013-02-20,3.76,3.79,3.8,3.76,474576.0,,,,,,,,
2013-02-21,3.75,3.68,3.76,3.67,961469.0,,,,,,,,
2013-02-22,3.69,3.69,3.71,3.68,449079.0,,,,,,,,
2013-02-25,3.7,3.68,3.71,3.67,373531.0,,,,,,,,
2013-02-26,3.69,3.64,3.71,3.63,570697.0,,,,,,,,
2013-02-27,3.67,3.67,3.69,3.64,386919.0,,,,,,,,
2013-02-28,3.66,3.7,3.72,3.63,609150.0,,,,,,,,
2013-03-01,3.69,3.69,3.69,3.65,469379.0,,,,,,,,
2013-03-04,3.65,3.63,3.7,3.62,616915.0,,,,,,,,
2013-03-05,3.63,3.64,3.65,3.59,716967.0,,,,,,,,
2013-03-06,3.64,3.66,3.66,3.61,671089.0,,,,,,,,
2013-03-07,3.64,3.65,3.68,3.61,636135.0,,,,,,,,
2013-03-08,3.64,3.62,3.64,3.61,575074.0,,,,,,,,
2013-03-11,3.62,3.6,3.62,3.58,483697.0,,,,,,,,
2013-03-12,3.6,3.57,3.62,3.54,691335.0,,,,,,,,
2013-03-13,3.57,3.55,3.59,3.54,547340.0,,,,,,,,
2013-03-14,3.54,3.53,3.56,3.51,501917.0,,,,,,,,
2013-03-15,3.53,3.48,3.54,3.46,1572789.0,,,,,,,,
2013-03-18,3.49,3.46,3.49,3.45,497023.0,,,,,,,,
2013-03-19,3.47,3.49,3.49,3.46,571454.0,,,,,,,,
2013-03-20,3.49,3.52,3.53,3.49,891591.0,,,,,,,,
2013-03-21,3.54,3.51,3.54,3.49,647603.0,,,,,,,,
2013-03-22,3.51,3.52,3.53,3.49,581930.0,,,,,,,,
2013-03-25,3.52,3.52,3.52,3.49,419388.0,,,,,,,,
2013-03-26,3.5,3.48,3.51,3.46,498839.0,,,,,,,,
2013-03-27,3.47,3.47,3.49,3.46,356722.0,,,,,,,,
2013-03-28,3.47,3.5,3.51,3.46,862181.0,,,,,,,,
2013-03-29,3.48,3.47,3.49,3.46,405381.0,,,,,,,,
2013-04-01,3.45,3.42,3.46,3.4,534686.0,,,,,,,,
2013-04-02,3.42,3.42,3.44,3.4,338817.0,,,,,,,,
2013-04-03,3.4,3.4,3.41,3.39,365412.0,,,,,,,,
2013-04-08,3.39,3.44,3.45,3.36,617358.0,,,,,,,,
2013-04-09,3.43,3.42,3.43,3.4,383061.0,,,,,,,,
2013-04-10,3.42,3.44,3.46,3.42,396899.0,,,,,,,,
2013-04-11,3.42,3.4,3.43,3.39,370259.0,,,,,,,,
2013-04-12,3.39,3.39,3.4,3.38,186093.0,,,,,,,,
2013-04-15,3.3,3.2,3.3,3.19,1155423.0,,,,,,,,
2013-04-16,3.04,3.16,3.17,3.0,828605.0,,,,,,,,
2013-04-17,3.13,3.15,3.18,3.12,422781.0,,,,,,,,
2013-04-18,3.13,3.13,3.16,3.1,366763.0,,,,,,,,
2013-04-19,3.13,3.19,3.2,3.13,580230.0,,,,,,,,
2013-04-22,3.17,3.18,3.19,3.15,367334.0,,,,,,,,
2013-04-23,3.18,3.1,3.18,3.09,425811.0,,,,,,,,
2013-04-24,3.11,3.13,3.15,3.09,394003.0,,,,,,,,
2013-04-25,3.13,3.12,3.15,3.1,369588.0,,,,,,,,
2013-04-26,3.16,3.13,3.2,3.12,356050.0,,,,,,,,
2013-05-02,3.11,3.07,3.11,3.05,399675.0,,,,,,,,
2013-05-03,3.08,3.1,3.14,3.07,365403.0,,,,,,,,
2013-05-06,3.13,3.14,3.15,3.12,380447.0,,,,,,,,
2013-05-07,3.14,3.14,3.16,3.1,341768.0,,,,,,,,
2013-05-08,3.14,3.13,3.16,3.12,371250.0,,,,,,,,
2013-05-09,3.13,3.11,3.15,3.1,304636.0,,,,,,,,
2013-05-10,3.11,3.12,3.13,3.1,302462.0,,,,,,,,
2013-05-13,3.1,3.09,3.11,3.08,341986.0,,,,,,,,
2013-05-14,3.08,3.05,3.09,3.03,454426.0,,,,,,,,
2013-05-15,3.05,3.04,3.06,3.03,262670.0,,,,,,,,
2013-05-16,3.02,3.03,3.06,3.0,462662.0,,,,,,,,
2013-05-17,3.04,3.07,3.08,3.02,498840.0,,,,,,,,
2013-05-20,3.05,3.1,3.12,3.04,775585.0,,,,,,,,
2013-05-21,3.1,3.1,3.11,3.08,414384.0,,,,,,,,
2013-05-22,3.09,3.09,3.1,3.07,419555.0,,,,,,,,
2013-05-23,3.07,3.06,3.08,3.05,380246.0,,,,,,,,
2013-05-24,3.07,3.08,3.08,3.06,346131.0,,,,,,,,
2013-05-27,3.07,3.06,3.08,3.05,364631.0,,,,,,,,
2013-05-28,3.06,3.12,3.12,3.03,972662.0,,,,,,,,
2013-05-29,3.1,3.11,3.12,3.09,600813.0,,,,,,,,
2013-05-30,3.11,3.1,3.11,3.08,472094.0,,,,,,,,
2013-05-31,3.12,3.08,3.12,3.07,459476.0,,,,,,,,
2013-06-03,3.06,3.09,3.09,3.06,460360.0,,,,,,,,
2013-06-04,3.09,3.06,3.09,3.05,374170.0,,,,,,,,
2013-06-05,3.06,3.06,3.06,3.04,276961.0,,,,,,,,
2013-06-06,3.05,3.03,3.05,3.03,236674.0,,,,,,,,
2013-06-07,3.03,3.02,3.05,3.01,352651.0,,,,,,,,
2013-06-13,3.0,2.93,3.01,2.91,600740.0,,,,,,,,
2013-06-14,2.93,2.95,2.95,2.91,391172.0,,,,,,,,
2013-06-17,2.95,2.91,2.95,2.9,334794.0,,,,,,,,
2013-06-18,2.91,2.9,2.91,2.89,295044.0,,,,,,,,
2013-06-19,2.89,2.84,2.89,2.81,367533.0,,,,,,,,
2013-06-20,2.8,2.73,2.8,2.72,480289.0,,,,,,,,
2013-06-21,2.64,2.68,2.76,2.58,577744.0,,,,,,,,
2013-06-24,2.66,2.51,2.66,2.5,613503.0,,,,,,,,
2013-06-25,2.5,2.46,2.5,2.27,801696.0,,,,,,,,
2013-06-26,2.43,2.39,2.45,2.36,645307.0,,,,,,,,
2013-06-27,2.36,2.39,2.4,2.35,559686.0,,,,,,,,
2013-06-28,2.35,2.38,2.41,2.31,571728.0,,,,,,,,
2013-07-01,2.4,2.41,2.41,2.38,400665.0,,,,,,,,
2013-07-02,2.42,2.45,2.46,2.42,398211.0,,,,,,,,
2013-07-03,2.44,2.48,2.5,2.41,515343.0,,,,,,,,
2013-07-04,2.47,2.53,2.54,2.44,554521.0,,,,,,,,
2013-07-05,2.49,2.67,2.67,2.43,1443658.0,,,,,,,,
2013-07-08,2.6,2.56,2.65,2.55,881060.0,,,,,,,,
2013-07-09,2.56,2.54,2.61,2.52,505432.0,,,,,,,,
2013-07-10,2.53,2.57,2.58,2.47,556513.0,,,,,,,,
2013-07-11,2.62,2.64,2.68,2.59,1296972.0,,,,,,,,
2013-07-12,2.62,2.56,2.63,2.55,685392.0,,,,,,,,
2013-07-15,2.55,2.55,2.6,2.54,523418.0,,,,,,,,
2013-07-16,2.54,2.56,2.56,2.5,483504.0,,,,,,,,
2013-07-17,2.6,2.53,2.61,2.52,487794.0,,,,,,,,
2013-07-18,2.5,2.46,2.51,2.46,385937.0,,,,,,,,
2013-07-19,2.46,2.41,2.49,2.4,426690.0,,,,,,,,
2013-07-22,2.42,2.47,2.48,2.42,408633.0,,,,,,,,
2013-07-23,2.51,2.53,2.58,2.5,715165.0,,,,,,,,
2013-07-24,2.53,2.5,2.55,2.46,427149.0,,,,,,,,
2013-07-25,2.49,2.47,2.5,2.46,296642.0,,,,,,,,
2013-07-26,2.47,2.46,2.48,2.45,213988.0,,,,,,,,
2013-07-29,2.45,2.41,2.45,2.4,288914.0,,,,,,,,
2013-07-30,2.41,2.44,2.47,2.4,257413.0,,,,,,,,
2013-07-31,2.44,2.44,2.47,2.42,200525.0,,,,,,,,
2013-08-01,2.45,2.47,2.48,2.43,355241.0,,,,,,,,
2013-08-02,2.47,2.44,2.48,2.43,343079.0,,,,,,,,
2013-08-05,2.44,2.46,2.46,2.42,264913.0,,,,,,,,
2013-08-06,2.44,2.46,2.47,2.42,486788.0,,,,,,,,
2013-08-07,2.44,2.43,2.45,2.42,491077.0,,,,,,,,
2013-08-08,2.43,2.44,2.47,2.42,364063.0,,,,,,,,
2013-08-09,2.46,2.53,2.56,2.45,1139665.0,,,,,,,,
2013-08-12,2.53,2.59,2.61,2.49,1278292.0,,,,,,,,
2013-08-13,2.59,2.57,2.59,2.55,532374.0,,,,,,,,
2013-08-14,2.55,2.53,2.57,2.51,580962.0,,,,,,,,
2013-08-15,2.53,2.54,2.58,2.52,555344.0,,,,,,,,
2013-08-16,2.56,2.55,2.79,2.53,1490715.0,,,,,,,,
2013-08-19,2.55,2.56,2.57,2.53,528102.0,,,,,,,,
2013-08-20,2.54,2.5,2.55,2.49,558675.0,,,,,,,,
2013-08-21,2.51,2.49,2.51,2.47,416563.0,,,,,,,,
2013-08-22,2.5,2.47,2.5,2.47,308653.0,,,,,,,,
2013-08-23,2.48,2.46,2.5,2.44,342641.0,,,,,,,,
2013-08-26,2.49,2.52,2.52,2.48,417996.0,,,,,,,,
2013-08-27,2.51,2.53,2.53,2.5,400536.0,,,,,,,,
2013-08-28,2.56,2.78,2.78,2.56,3651391.0,,,,,,,,
2013-08-29,2.77,2.67,2.77,2.64,2158767.0,,,,,,,,
2013-08-30,2.63,2.64,2.65,2.59,1025093.0,,,,,,,,
2013-09-02,2.63,2.69,2.7,2.6,1066113.0,,,,,,,,
2013-09-03,2.66,2.65,2.66,2.61,727593.0,,,,,,,,
2013-09-04,2.68,2.68,2.71,2.65,767094.0,,,,,,,,
2013-09-05,2.64,2.63,2.65,2.62,469115.0,,,,,,,,
2013-09-06,2.6,2.64,2.65,2.59,536390.0,,,,,,,,
2013-09-09,2.64,2.67,2.68,2.62,739690.0,,,,,,,,
2013-09-10,2.66,2.69,2.71,2.64,1007955.0,,,,,,,,
2013-09-11,2.66,2.76,2.82,2.65,1861043.0,,,,,,,,
2013-09-12,2.74,2.73,2.75,2.71,839982.0,,,,,,,,
2013-09-13,2.69,2.67,2.7,2.66,697195.0,,,,,,,,
2013-09-16,2.67,2.67,2.71,2.66,509656.0,,,,,,,,
2013-09-17,2.67,2.62,2.67,2.61,543507.0,,,,,,,,
2013-09-18,2.61,2.62,2.63,2.58,450202.0,,,,,,,,
2013-09-23,2.65,2.65,2.66,2.63,436231.0,,,,,,,,
2013-09-24,2.64,2.59,2.64,2.58,556095.0,,,,,,,,
2013-09-25,2.58,2.61,2.64,2.57,428782.0,,,,,,,,
2013-09-26,2.61,2.56,2.62,2.56,411567.0,,,,,,,,
2013-09-27,2.56,2.57,2.58,2.55,330896.0,,,,,,,,
2013-09-30,2.58,2.6,2.6,2.58,235565.0,,,,,,,,
2013-10-08,2.58,2.6,2.6,2.56,395439.0,,,,,,,,
2013-10-09,2.58,2.59,2.6,2.57,337962.0,,,,,,,,
2013-10-10,2.58,2.57,2.59,2.56,375903.0,,,,,,,,
2013-10-11,2.57,2.59,2.6,2.56,430256.0,,,,,,,,
2013-10-14,2.58,2.59,2.59,2.56,435548.0,,,,,,,,
2013-10-15,2.57,2.59,2.59,2.57,368319.0,,,,,,,,
2013-10-16,2.57,2.63,2.68,2.54,1110661.0,,,,,,,,
2013-10-17,2.6,2.57,2.61,2.57,546623.0,,,,,,,,
2013-10-18,2.64,2.59,2.66,2.58,514663.0,,,,,,,,
2013-10-21,2.58,2.62,2.66,2.55,729307.0,,,,,,,,
2013-10-22,2.61,2.6,2.61,2.58,343279.0,,,,,,,,
2013-10-23,2.63,2.6,2.63,2.59,574297.0,,,,,,,,
2013-10-24,2.59,2.57,2.59,2.56,377673.0,,,,,,,,
2013-10-25,2.57,2.51,2.58,2.5,464072.0,,,,,,,,
2013-10-28,2.5,2.5,2.51,2.48,343131.0,,,,,,,,
2013-10-29,2.48,2.47,2.52,2.43,531237.0,,,,,,,,
2013-10-30,2.46,2.48,2.49,2.45,302385.0,,,,,,,,
2013-10-31,2.48,2.47,2.48,2.44,319489.0,,,,,,,,
2013-11-01,2.46,2.47,2.48,2.45,248863.0,,,,,,,,
2013-11-04,2.48,2.47,2.49,2.46,184212.0,,,,,,,,
2013-11-05,2.46,2.47,2.47,2.44,239173.0,,,,,,,,
2013-11-06,2.46,2.46,2.47,2.45,224655.0,,,,,,,,
2013-11-07,2.46,2.46,2.47,2.45,213671.0,,,,,,,,
2013-11-08,2.45,2.43,2.46,2.43,240703.0,,,,,,,,
2013-11-11,2.41,2.41,2.42,2.39,282003.0,,,,,,,,
2013-11-12,2.4,2.43,2.43,2.4,227073.0,,,,,,,,
2013-11-13,2.41,2.38,2.42,2.37,296995.0,,,,,,,,
2013-11-14,2.38,2.38,2.4,2.37,235317.0,,,,,,,,
2013-11-15,2.38,2.42,2.43,2.38,375509.0,,,,,,,,
2013-11-18,2.42,2.45,2.45,2.41,421631.0,,,,,,,,
2013-11-19,2.44,2.44,2.45,2.43,257551.0,,,,,,,,
2013-11-20,2.45,2.46,2.46,2.44,289800.0,,,,,,,,
2013-11-21,2.44,2.43,2.44,2.41,377726.0,,,,,,,,
2013-11-22,2.42,2.46,2.48,2.41,581587.0,,,,,,,,
2013-11-25,2.44,2.42,2.45,2.42,361576.0,,,,,,,,
2013-11-26,2.43,2.43,2.44,2.42,241843.0,,,,,,,,
2013-11-27,2.42,2.43,2.45,2.41,288050.0,,,,,,,,
2013-11-28,2.43,2.46,2.48,2.42,641849.0,,,,,,,,
2013-11-29,2.45,2.45,2.46,2.44,310285.0,,,,,,,,
2013-12-02,2.43,2.41,2.44,2.39,627942.0,,,,,,,,
2013-12-03,2.39,2.41,2.42,2.38,352201.0,,,,,,,,
2013-12-04,2.4,2.43,2.44,2.4,451860.0,,,,,,,,
2013-12-05,2.43,2.44,2.45,2.43,511798.0,,,,,,,,
2013-12-06,2.43,2.43,2.44,2.41,299995.0,,,,,,,,
2013-12-09,2.43,2.43,2.44,2.42,284153.0,,,,,,,,
2013-12-10,2.44,2.43,2.44,2.42,229878.0,,,,,,,,
2013-12-11,2.44,2.41,2.44,2.4,326195.0,,,,,,,,
2013-12-12,2.4,2.4,2.41,2.39,227820.0,,,,,,,,
2013-12-13,2.38,2.38,2.39,2.37,270876.0,,,,,,,,
2013-12-16,2.38,2.35,2.39,2.35,363696.0,,,,,,,,
2013-12-17,2.36,2.35,2.37,2.35,248282.0,,,,,,,,
2013-12-18,2.35,2.33,2.35,2.31,313871.0,,,,,,,,
2013-12-19,2.32,2.33,2.35,2.31,304658.0,,,,,,,,
2013-12-20,2.31,2.27,2.32,2.26,418022.0,,,,,,,,
2013-12-23,2.27,2.27,2.28,2.24,255047.0,,,,,,,,
2013-12-24,2.27,2.3,2.31,2.25,310714.0,,,,,,,,
2013-12-25,2.29,2.3,2.32,2.28,233943.0,,,,,,,,
2013-12-26,2.3,2.35,2.43,2.25,844086.0,,,,,,,,
2013-12-27,2.32,2.33,2.35,2.31,470628.0,,,,,,,,
2013-12-30,2.33,2.31,2.35,2.3,384555.0,,,,,,,,
2013-12-31,2.3,2.31,2.32,2.29,262347.0,,,,,,,,
2014-01-02,2.3,2.33,2.36,2.28,549575.0,,,,,,,,
2014-01-03,2.33,2.3,2.33,2.29,330516.0,,,,,,,,
2014-01-06,2.3,2.27,2.31,2.25,384421.0,,,,,,,,
2014-01-07,2.26,2.27,2.27,2.25,179385.0,,,,,,,,
2014-01-08,2.26,2.24,2.27,2.23,296004.0,,,,,,,,
2014-01-09,2.23,2.21,2.24,2.21,242975.0,,,,,,,,
2014-01-10,2.21,2.2,2.25,2.2,341234.0,,,,,,,,
2014-01-13,2.21,2.24,2.25,2.21,318248.0,,,,,,,,
2014-01-14,2.24,2.23,2.24,2.21,195702.0,,,,,,,,
2014-01-15,2.22,2.22,2.23,2.2,146103.0,,,,,,,,
2014-01-16,2.21,2.23,2.25,2.2,309226.0,,,,,,,,
2014-01-17,2.22,2.21,2.23,2.2,257519.0,,,,,,,,
2014-01-20,2.21,2.21,2.22,2.2,195999.0,,,,,,,,
2014-01-21,2.21,2.22,2.23,2.2,185839.0,,,,,,,,
2014-01-22,2.21,2.25,2.25,2.21,384184.0,,,,,,,,
2014-01-23,2.23,2.23,2.25,2.22,227975.0,,,,,,,,
2014-01-24,2.24,2.27,2.28,2.23,515989.0,,,,,,,,
2014-01-27,2.25,2.26,2.29,2.23,436503.0,,,,,,,,
2014-01-28,2.24,2.25,2.26,2.23,263860.0,,,,,,,,
2014-01-29,2.25,2.25,2.25,2.24,180353.0,,,,,,,,
2014-01-30,2.25,2.24,2.26,2.23,169536.0,,,,,,,,
2014-02-07,2.22,2.23,2.23,2.19,231598.0,,,,,,,,
2014-02-10,2.23,2.25,2.26,2.22,654316.0,,,,,,,,
2014-02-11,2.26,2.31,2.33,2.25,1070340.0,,,,,,,,
2014-02-12,2.3,2.29,2.31,2.28,655755.0,,,,,,,,
2014-02-13,2.31,2.41,2.52,2.3,2939429.0,,,,,,,,
2014-02-14,2.4,2.41,2.44,2.37,1127645.0,,,,,,,,
2014-02-17,2.46,2.43,2.5,2.42,962072.0,,,,,,,,
2014-02-18,2.44,2.37,2.44,2.36,802993.0,,,,,,,,
2014-02-19,2.37,2.38,2.4,2.35,479407.0,,,,,,,,
2014-02-20,2.37,2.39,2.44,2.36,642302.0,,,,,,,,
2014-02-21,2.39,2.37,2.4,2.35,456161.0,,,,,,,,
2014-02-24,2.37,2.33,2.37,2.3,435924.0,,,,,,,,
2014-02-25,2.34,2.32,2.37,2.3,457355.0,,,,,,,,
2014-02-26,2.32,2.43,2.47,2.32,1328506.0,,,,,,,,
2014-02-27,2.4,2.36,2.4,2.34,751415.0,,,,,,,,
2014-02-28,2.36,2.38,2.42,2.34,784207.0,,,,,,,,
2014-03-03,2.39,2.42,2.43,2.38,802746.0,,,,,,,,
2014-03-04,2.44,2.43,2.51,2.42,1715354.0,,,,,,,,
2014-03-05,2.4,2.35,2.4,2.32,989443.0,,,,,,,,
2014-03-06,2.34,2.34,2.35,2.31,394251.0,,,,,,,,
2014-03-07,2.36,2.35,2.38,2.33,459374.0,,,,,,,,
2014-03-10,2.32,2.26,2.32,2.25,548354.0,,,,,,,,
2014-03-11,2.26,2.26,2.28,2.24,355584.0,,,,,,,,
2014-03-12,2.26,2.29,2.31,2.26,411592.0,,,,,,,,
2014-03-13,2.33,2.31,2.33,2.29,444035.0,,,,,,,,
2014-03-14,2.31,2.3,2.32,2.28,274289.0,,,,,,,,
2014-03-17,2.31,2.31,2.32,2.29,301680.0,,,,,,,,
2014-03-18,2.29,2.29,2.29,2.26,430608.0,,,,,,,,
2014-03-19,2.27,2.27,2.28,2.26,234991.0,,,,,,,,
2014-03-20,2.25,2.25,2.27,2.24,358155.0,,,,,,,,
2014-03-21,2.24,2.28,2.29,2.23,460973.0,,,,,,,,
2014-03-24,2.28,2.3,2.3,2.27,432679.0,,,,,,,,
2014-03-25,2.28,2.3,2.31,2.27,404093.0,,,,,,,,
2014-03-26,2.29,2.29,2.3,2.28,249942.0,,,,,,,,
2014-03-27,2.27,2.26,2.28,2.25,343813.0,,,,,,,,
2014-03-28,2.26,2.27,2.28,2.25,302967.0,,,,,,,,
2014-03-31,2.27,2.25,2.28,2.25,271847.0,,,,,,,,
2014-04-01,2.25,2.26,2.28,2.25,209585.0,,,,,,,,
2014-04-02,2.27,2.27,2.28,2.26,269573.0,,,,,,,,
2014-04-03,2.28,2.26,2.28,2.26,218418.0,,,,,,,,
2014-04-04,2.26,2.26,2.27,2.24,218971.0,,,,,,,,
2014-04-08,2.26,2.29,2.29,2.25,423447.0,,,,,,,,
2014-04-09,2.29,2.29,2.31,2.28,507380.0,,,,,,,,
2014-04-10,2.29,2.31,2.32,2.27,661645.0,,,,,,,,
2014-04-11,2.31,2.29,2.31,2.28,423339.0,,,,,,,,
2014-04-14,2.29,2.3,2.3,2.28,270535.0,,,,,,,,
2014-04-15,2.29,2.27,2.29,2.26,316401.0,,,,,,,,
2014-04-16,2.26,2.27,2.28,2.25,203531.0,,,,,,,,
2014-04-17,2.27,2.26,2.27,2.25,256172.0,,,,,,,,
2014-04-18,2.26,2.26,2.26,2.24,194420.0,,,,,,,,
2014-04-21,2.25,2.24,2.27,2.24,253004.0,,,,,,,,
2014-04-22,2.24,2.23,2.25,2.22,242986.0,,,,,,,,
2014-04-23,2.23,2.23,2.24,2.22,226037.0,,,,,,,,
2014-04-24,2.23,2.23,2.24,2.22,225499.0,,,,,,,,
2014-04-25,2.23,2.21,2.24,2.2,324528.0,,,,,,,,
2014-04-28,2.22,2.2,2.22,2.19,361517.0,,,,,,,,
2014-04-29,2.2,2.2,2.21,2.19,237117.0,,,,,,,,
2014-04-30,2.2,2.22,2.24,2.2,248144.0,,,,,,,,
2014-05-05,2.22,2.23,2.24,2.21,302486.0,,,,,,,,
2014-05-06,2.23,2.22,2.24,2.21,237309.0,,,,,,,,
2014-05-07,2.22,2.2,2.22,2.19,274997.0,,,,,,,,
2014-05-08,2.19,2.2,2.22,2.18,330011.0,,,,,,,,
2014-05-09,2.2,2.22,2.23,2.19,357099.0,,,,,,,,
2014-05-12,2.22,2.27,2.29,2.21,1056472.0,,,,,,,,
2014-05-13,2.27,2.25,2.27,2.24,515427.0,,,,,,,,
2014-05-14,2.24,2.24,2.25,2.22,334200.0,,,,,,,,
2014-05-15,2.24,2.21,2.24,2.21,313260.0,,,,,,,,
2014-05-16,2.21,2.21,2.22,2.2,263235.0,,,,,,,,
2014-05-19,2.2,2.21,2.21,2.19,303600.0,,,,,,,,
2014-05-20,2.21,2.21,2.23,2.2,202114.0,,,,,,,,
2014-05-21,2.2,2.21,2.22,2.19,180205.0,,,,,,,,
2014-05-22,2.21,2.2,2.23,2.2,232464.0,,,,,,,,
2014-05-23,2.21,2.22,2.22,2.2,144935.0,,,,,,,,
2014-05-26,2.22,2.21,2.22,2.2,285956.0,,,,,,,,
2014-05-27,2.2,2.2,2.21,2.19,247333.0,,,,,,,,
2014-05-28,2.19,2.2,2.21,2.18,256478.0,,,,,,,,
2014-05-29,2.2,2.19,2.21,2.18,286496.0,,,,,,,,
2014-05-30,2.19,2.19,2.2,2.18,227748.0,,,,,,,,
2014-06-03,2.19,2.19,2.2,2.18,221159.0,,,,,,,,
2014-06-04,2.19,2.18,2.19,2.17,237811.0,,,,,,,,
2014-06-05,2.18,2.19,2.19,2.17,199403.0,,,,,,,,
2014-06-06,2.19,2.17,2.19,2.17,218997.0,,,,,,,,
2014-06-09,2.17,2.17,2.18,2.16,197733.0,,,,,,,,
2014-06-10,2.17,2.17,2.18,2.16,311323.0,,,,,,,,
2014-06-11,2.17,2.17,2.18,2.16,255440.0,,,,,,,,
2014-06-12,2.17,2.16,2.18,2.16,317436.0,,,,,,,,
2014-06-13,2.17,2.16,2.18,2.16,551373.0,,,,,,,,
2014-06-16,2.17,2.19,2.19,2.17,442835.0,,,,,,,,
2014-06-17,2.18,2.18,2.19,2.16,385771.0,,,,,,,,
2014-06-18,2.17,2.17,2.18,2.16,336024.0,,,,,,,,
2014-06-19,2.16,2.14,2.17,2.12,413670.0,,,,,,,,
2014-06-20,2.17,2.16,2.19,2.15,564029.0,,,,,,,,
2014-06-23,2.15,2.17,2.19,2.14,564024.0,,,,,,,,
2014-06-24,2.16,2.16,2.17,2.15,346475.0,,,,,,,,
2014-06-25,2.16,2.16,2.16,2.15,211516.0,,,,,,,,
2014-06-26,2.16,2.17,2.17,2.15,315788.0,,,,,,,,
2014-06-27,2.16,2.16,2.17,2.15,392657.0,,,,,,,,
2014-06-30,2.16,2.18,2.18,2.15,401275.0,,,,,,,,
2014-07-01,2.18,2.21,2.24,2.17,930313.0,,,,,,,,
2014-07-02,2.2,2.19,2.21,2.18,417427.0,,,,,,,,
2014-07-03,2.2,2.21,2.22,2.2,563202.0,,,,,,,,
2014-07-04,2.21,2.21,2.22,2.19,455321.0,,,,,,,,
2014-07-07,2.14,2.13,2.14,2.12,411030.0,,,,,,,,
2014-07-08,2.13,2.13,2.13,2.11,317663.0,,,,,,,,
2014-07-09,2.12,2.12,2.13,2.11,280314.0,,,,,,,,
2014-07-10,2.12,2.11,2.12,2.11,271588.0,,,,,,,,
2014-07-11,2.12,2.13,2.14,2.12,340028.0,,,,,,,,
2014-07-14,2.13,2.14,2.14,2.11,390271.0,,,,,,,,
2014-07-15,2.12,2.14,2.14,2.12,384490.0,,,,,,,,
2014-07-16,2.13,2.16,2.17,2.12,922511.0,,,,,,,,
2014-07-17,2.15,2.15,2.16,2.13,373109.0,,,,,,,,
2014-07-18,2.15,2.16,2.17,2.15,540024.0,,,,,,,,
2014-07-21,2.15,2.13,2.15,2.13,337665.0,,,,,,,,
2014-07-22,2.13,2.16,2.17,2.13,680180.0,,,,,,,,
2014-07-23,2.16,2.16,2.18,2.15,653047.0,,,,,,,,
2014-07-24,2.16,2.19,2.21,2.15,1162300.0,,,,,,,,
2014-07-25,2.17,2.23,2.25,2.17,1754693.0,,,,,,,,
2014-07-28,2.23,2.27,2.29,2.23,2011555.0,,,,,,,,
2014-07-29,2.27,2.25,2.27,2.24,1161842.0,,,,,,,,
2014-07-30,2.24,2.25,2.27,2.23,826355.0,,,,,,,,
2014-07-31,2.24,2.41,2.48,2.23,3316309.0,,,,,,,,
2014-08-01,2.35,2.33,2.38,2.32,1913380.0,,,,,,,,
2014-08-04,2.33,2.36,2.36,2.3,1044620.0,,,,,,,,
2014-08-05,2.36,2.36,2.36,2.33,800870.0,,,,,,,,
2014-08-06,2.35,2.4,2.42,2.33,1745807.0,,,,,,,,
2014-08-07,2.44,2.37,2.46,2.35,1563564.0,,,,,,,,
2014-08-08,2.36,2.43,2.46,2.36,2028039.0,,,,,,,,
2014-08-11,2.41,2.43,2.43,2.4,973923.0,,,,,,,,
2014-08-12,2.42,2.4,2.42,2.37,1093896.0,,,,,,,,
2014-08-13,2.38,2.38,2.39,2.35,934257.0,,,,,,,,
2014-08-14,2.37,2.34,2.38,2.33,754108.0,,,,,,,,
2014-08-15,2.33,2.35,2.36,2.33,730433.0,,,,,,,,
2014-08-18,2.35,2.36,2.38,2.34,737951.0,,,,,,,,
2014-08-19,2.36,2.38,2.39,2.35,891853.0,,,,,,,,
2014-08-20,2.37,2.37,2.38,2.35,652388.0,,,,,,,,
2014-08-21,2.36,2.35,2.37,2.33,622260.0,,,,,,,,
2014-08-22,2.34,2.34,2.35,2.33,509570.0,,,,,,,,
2014-08-25,2.35,2.32,2.35,2.31,560047.0,,,,,,,,
2014-08-26,2.32,2.3,2.34,2.28,576552.0,,,,,,,,
2014-08-27,2.29,2.28,2.3,2.27,593039.0,,,,,,,,
2014-08-28,2.28,2.26,2.28,2.25,469420.0,,,,,,,,
2014-08-29,2.26,2.28,2.29,2.26,409396.0,,,,,,,,
2014-09-01,2.29,2.31,2.31,2.28,442887.0,,,,,,,,
2014-09-02,2.31,2.33,2.33,2.26,836204.0,,,,,,,,
2014-09-03,2.31,2.34,2.35,2.3,1074089.0,,,,,,,,
2014-09-04,2.34,2.36,2.36,2.31,1119564.0,,,,,,,,
2014-09-05,2.35,2.37,2.37,2.34,1171081.0,,,,,,,,
2014-09-09,2.37,2.38,2.39,2.36,1375856.0,,,,,,,,
2014-09-10,2.37,2.36,2.38,2.35,709257.0,,,,,,,,
2014-09-11,2.36,2.37,2.4,2.35,1204541.0,,,,,,,,
2014-09-12,2.36,2.4,2.4,2.35,1246833.0,,,,,,,,
2014-09-15,2.39,2.41,2.41,2.38,1089968.0,,,,,,,,
2014-09-16,2.41,2.46,2.61,2.4,4604255.0,,,,,,,,
2014-09-17,2.45,2.51,2.57,2.43,3719837.0,,,,,,,,
2014-09-18,2.48,2.46,2.5,2.45,2150214.0,,,,,,,,
2014-09-19,2.46,2.44,2.46,2.41,1379911.0,,,,,,,,
2014-09-22,2.42,2.38,2.43,2.37,1268629.0,,,,,,,,
2014-09-23,2.38,2.41,2.41,2.37,820124.0,,,,,,,,
2014-09-24,2.4,2.47,2.48,2.39,1892567.0,,,,,,,,
2014-09-25,2.46,2.44,2.49,2.43,1415282.0,,,,,,,,
2014-09-26,2.44,2.46,2.47,2.43,897361.0,,,,,,,,
2014-09-29,2.46,2.45,2.47,2.44,1128087.0,,,,,,,,
2014-09-30,2.46,2.48,2.49,2.45,1318065.0,,,,,,,,
2014-10-08,2.48,2.47,2.48,2.43,1160738.0,,,,,,,,
2014-10-09,2.47,2.54,2.59,2.45,3038522.0,,,,,,,,
2014-10-10,2.52,2.51,2.55,2.5,1825088.0,,,,,,,,
2014-10-13,2.51,2.56,2.58,2.5,2184357.0,,,,,,,,
2014-10-14,2.55,2.54,2.56,2.52,1360622.0,,,,,,,,
2014-10-15,2.54,2.56,2.59,2.5,1737189.0,,,,,,,,
2014-10-16,2.56,2.6,2.68,2.54,4132337.0,,,,,,,,
2014-10-17,2.58,2.56,2.6,2.48,2183870.0,,,,,,,,
2014-10-20,2.55,2.58,2.6,2.51,1392879.0,,,,,,,,
2014-10-21,2.57,2.57,2.6,2.53,1433947.0,,,,,,,,
2014-10-22,2.55,2.51,2.56,2.5,908078.0,,,,,,,,
2014-10-23,2.49,2.43,2.5,2.42,1383447.0,,,,,,,,
2014-10-24,2.42,2.45,2.49,2.41,1016377.0,,,,,,,,
2014-10-27,2.43,2.43,2.44,2.42,681321.0,,,,,,,,
2014-10-28,2.44,2.49,2.49,2.44,1136049.0,,,,,,,,
2014-10-29,2.48,2.55,2.57,2.47,3031105.0,,,,,,,,
2014-10-30,2.53,2.64,2.75,2.52,5906402.0,,,,,,,,
2014-10-31,2.6,2.63,2.64,2.58,3092443.0,,,,,,,,
2014-11-03,2.61,2.66,2.71,2.6,4208747.0,,,,,,,,
2014-11-04,2.7,2.72,2.74,2.66,4616187.0,,,,,,,,
2014-11-05,2.69,2.62,2.7,2.61,3293635.0,,,,,,,,
2014-11-06,2.6,2.64,2.65,2.59,1816068.0,,,,,,,,
2014-11-07,2.61,2.58,2.64,2.57,2015763.0,,,,,,,,
2014-11-10,2.61,2.67,2.69,2.58,2950235.0,,,,,,,,
2014-11-11,2.66,2.62,2.71,2.6,3440376.0,,,,,,,,
2014-11-12,2.6,2.66,2.66,2.58,1585381.0,,,,,,,,
2014-11-13,2.65,2.7,2.74,2.6,3591993.0,,,,,,,,
2014-11-14,2.68,2.65,2.7,2.63,2041214.0,,,,,,,,
2014-11-17,2.69,2.63,2.72,2.63,1651745.0,,,,,,,,
2014-11-18,2.63,2.61,2.64,2.59,1315530.0,,,,,,,,
2014-11-19,2.62,2.61,2.63,2.59,752607.0,,,,,,,,
2014-11-20,2.6,2.59,2.6,2.58,813239.0,,,,,,,,
2014-11-21,2.59,2.62,2.62,2.57,992164.0,,,,,,,,
2014-11-24,2.64,2.67,2.69,2.62,2585927.0,,,,,,,,
2014-11-25,2.67,2.82,2.85,2.65,6953833.0,,,,,,,,
2014-11-26,2.8,2.78,2.81,2.74,4049676.0,,,,,,,,
2014-11-27,2.78,2.79,2.8,2.73,2690005.0,,,,,,,,
2014-11-28,2.8,2.8,2.83,2.74,3190987.0,,,,,,,,
2014-12-01,2.77,2.8,2.85,2.75,3770816.0,,,,,,,,
2014-12-02,2.85,2.86,2.89,2.83,4296332.0,,,,,,,,
2014-12-03,2.86,3.06,3.15,2.84,8205474.0,,,,,,,,
2014-12-04,3.06,3.13,3.13,3.03,6453561.0,,,,,,,,
2014-12-05,3.13,3.05,3.19,2.92,5967424.0,,,,,,,,
2014-12-08,3.0,3.16,3.19,2.93,5723046.0,,,,,,,,
2014-12-09,3.16,3.1,3.34,3.06,8415679.0,,,,,,,,
2014-12-10,3.2,3.23,3.25,3.1,4532722.0,,,,,,,,
2014-12-11,3.22,3.22,3.22,3.13,4079268.0,,,,,,,,
2014-12-12,3.22,3.27,3.33,3.21,3773340.0,,,,,,,,
2014-12-15,3.3,3.28,3.3,3.18,3107336.0,,,,,,,,
2014-12-16,3.26,3.27,3.29,3.2,3098947.0,,,,,,,,
2014-12-17,3.25,3.22,3.26,3.18,3196396.0,,,,,,,,
2014-12-18,3.22,3.22,3.27,3.18,3579519.0,,,,,,,,
2014-12-19,3.2,3.33,3.36,3.19,7177122.0,,,,,,,,
2014-12-22,3.35,3.6,3.66,3.35,11057831.0,,,,,,,,
2014-12-23,3.48,3.37,3.52,3.35,5787334.0,,,,,,,,
2014-12-24,3.36,3.24,3.37,3.2,4055935.0,,,,,,,,
2014-12-25,3.24,3.32,3.32,3.21,3014201.0,,,,,,,,
2014-12-26,3.32,3.4,3.43,3.28,3984140.0,,,,,,,,
2014-12-29,3.44,3.37,3.48,3.32,3993993.0,,,,,,,,
2014-12-30,3.34,3.29,3.37,3.26,2693563.0,,,,,,,,
2014-12-31,3.31,3.38,3.42,3.31,3219063.0,,,,,,,,
2015-01-05,3.39,3.65,3.68,3.39,8915831.0,,,,,,,,
2015-01-06,3.65,3.75,3.84,3.55,8335162.0,,,,,,,,
2015-01-07,3.8,3.98,4.1,3.75,8572300.0,,,,,,,,
2015-01-08,3.9,3.8,3.94,3.78,5383670.0,,,,,,,,
2015-01-09,3.78,3.74,3.86,3.72,3840604.0,,,,,,,,
2015-01-12,3.73,3.76,3.82,3.7,3237778.0,,,,,,,,
2015-01-13,3.8,3.72,3.87,3.66,3023217.0,,,,,,,,
2015-01-14,3.72,3.59,3.72,3.53,3220812.0,,,,,,,,
2015-01-15,3.56,3.63,3.64,3.45,2667236.0,,,,,,,,
2015-01-16,3.9,3.77,3.98,3.71,4548177.0,,,,,,,,
2015-01-19,3.69,3.6,3.91,3.45,5847175.0,,,,,,,,
2015-01-20,3.57,3.64,3.68,3.51,3367771.0,,,,,,,,
2015-01-21,3.69,3.77,3.79,3.68,3989771.0,,,,,,,,
2015-01-22,3.72,3.92,4.05,3.7,7978007.0,,,,,,,,
2015-01-23,3.99,3.84,4.05,3.81,5331354.0,,,,,,,,
2015-01-26,3.84,3.87,3.89,3.8,2696237.0,,,,,,,,
2015-01-27,3.81,3.79,3.84,3.7,3734379.0,,,,,,,,
2015-01-28,3.79,3.74,3.81,3.72,1827458.0,,,,,,,,
2015-01-29,3.69,3.65,3.7,3.61,2280836.0,,,,,,,,
2015-01-30,3.6,3.59,3.65,3.58,2255130.0,,,,,,,,
2015-02-02,3.59,3.58,3.63,3.51,1604055.0,,,,,,,,
2015-02-03,3.59,3.63,3.63,3.54,1512321.0,,,,,,,,
2015-02-04,3.6,3.54,3.62,3.53,1823359.0,,,,,,,,
2015-02-05,3.61,3.49,3.62,3.48,1773404.0,,,,,,,,
2015-02-06,3.46,3.34,3.46,3.3,2418066.0,,,,,,,,
2015-02-09,3.3,3.31,3.35,3.23,1687746.0,,,,,,,,
2015-02-10,3.3,3.37,3.37,3.28,1041039.0,,,,,,,,
2015-02-11,3.37,3.38,3.41,3.35,1041090.0,,,,,,,,
2015-02-12,3.36,3.37,3.39,3.31,1066210.0,,,,,,,,
2015-02-13,3.38,3.44,3.47,3.38,1598398.0,,,,,,,,
2015-02-16,3.46,3.46,3.47,3.42,948848.0,,,,,,,,
2015-02-17,3.47,3.49,3.49,3.47,935349.0,,,,,,,,
2015-02-25,3.46,3.42,3.46,3.4,1431894.0,,,,,,,,
2015-02-26,3.42,3.52,3.52,3.38,1780963.0,,,,,,,,
2015-02-27,3.52,3.55,3.56,3.48,1694018.0,,,,,,,,
2015-03-02,3.58,3.64,3.67,3.56,2457583.0,,,,,,,,
2015-03-03,3.61,3.55,3.61,3.53,2123375.0,,,,,,,,
2015-03-04,3.54,3.54,3.57,3.51,1329912.0,,,,,,,,
2015-03-05,3.54,3.46,3.54,3.43,1560098.0,,,,,,,,
2015-03-06,3.44,3.5,3.55,3.41,1790959.0,,,,,,,,
2015-03-09,3.44,3.49,3.5,3.4,1518028.0,,,,,,,,
2015-03-10,3.47,3.47,3.49,3.45,1086411.0,,,,,,,,
2015-03-11,3.46,3.45,3.5,3.44,1076219.0,,,,,,,,
2015-03-12,3.44,3.48,3.48,3.39,1637473.0,,,,,,,,
2015-03-13,3.48,3.5,3.52,3.45,1634680.0,,,,,,,,
2015-03-16,3.5,3.57,3.57,3.49,2259666.0,,,,,,,,
2015-03-17,3.58,3.67,3.69,3.55,4703489.0,,,,,,,,
2015-03-18,3.69,3.86,3.93,3.68,6389742.0,,,,,,,,
2015-03-19,3.9,3.91,4.05,3.83,7569806.0,,,,,,,,
2015-03-20,3.94,3.88,3.96,3.85,4276183.0,,,,,,,,
2015-03-23,3.95,4.0,4.04,3.94,6050571.0,,,,,,,,
2015-03-24,4.03,4.4,4.4,3.98,14036441.0,,,,,,,,
2015-03-25,4.49,4.52,4.66,4.45,14362686.0,,,,,,,,
2015-03-26,4.51,4.41,4.51,4.31,7119153.0,,,,,,,,
2015-03-27,4.46,4.43,4.53,4.41,4691806.85,,,,,,,,
2015-03-30,4.41,4.45,4.49,4.3,5973943.0,,,,,,,,
2015-03-31,4.44,4.32,4.44,4.31,4896260.0,,,,,,,,
2015-04-01,4.32,4.36,4.38,4.31,3021483.0,,,,,,,,
2015-04-02,4.41,4.44,4.46,4.36,4640260.0,,,,,,,,
2015-04-03,4.42,4.46,4.54,4.38,4826671.0,,,,,,,,
2015-04-07,4.52,4.56,4.58,4.5,6188779.0,,,,,,,,
2015-04-08,4.56,4.47,4.57,4.4,5164198.0,,,,,,,,
2015-04-09,4.47,4.33,4.49,4.3,4873263.0,,,,,,,,
2015-04-10,4.31,4.38,4.39,4.26,3262177.0,,,,,,,,
2015-04-13,4.4,4.47,4.49,4.37,4745824.0,,,,,,,,
2015-04-14,4.47,4.62,4.65,4.4,8120167.0,,,,,,,,
2015-04-15,4.61,4.6,4.72,4.51,7481875.0,,,,,,,,
2015-04-16,4.58,4.86,4.95,4.52,8510538.0,,,,,,,,
2015-04-17,4.86,5.0,5.06,4.8,9114781.0,,,,,,,,
2015-04-20,5.01,5.2,5.46,4.86,11160984.0,,,,,,,,
2015-04-21,5.12,5.24,5.28,5.08,6424330.0,,,,,,,,
2015-05-27,5.76,5.76,5.76,5.76,125556.0,,,,,,,,
2015-05-28,6.34,6.34,6.34,6.34,220880.0,,,,,,,,
2015-05-29,6.97,6.97,6.97,6.7,10047502.0,,,,,,,,
2015-06-01,7.49,7.18,7.49,6.71,22306252.0,,,,,,,,
2015-06-02,7.07,6.97,7.08,6.86,10336012.0,,,,,,,,
2015-06-03,6.96,6.72,6.96,6.5,8742277.0,,,,,,,,
2015-06-04,6.64,6.52,6.64,6.1,7383249.0,,,,,,,,
2015-06-05,6.56,6.78,7.0,6.56,8915165.0,,,,,,,,
2015-06-08,6.79,6.64,6.81,6.53,8060157.0,,,,,,,,
2015-06-09,6.63,6.57,6.64,6.5,5161545.0,,,,,,,,
2015-06-10,6.5,6.55,6.64,6.4,4939087.0,,,,,,,,
2015-06-11,6.52,6.46,6.52,6.4,4571942.0,,,,,,,,
2015-06-12,6.46,6.44,6.49,6.4,4601868.0,,,,,,,,
2015-06-15,6.44,6.52,6.59,6.28,7514977.0,,,,,,,,
2015-06-16,6.4,6.3,6.49,6.27,4517567.0,,,,,,,,
2015-06-17,6.29,6.29,6.34,6.0,4927711.0,,,,,,,,
2015-06-18,6.26,6.18,6.4,6.16,4604625.0,,,,,,,,
2015-06-19,6.11,5.6,6.26,5.56,5001720.0,,,,,,,,
2015-06-23,5.58,5.58,5.67,5.11,5238962.0,,,,,,,,
2015-06-24,5.62,5.88,5.94,5.56,5941552.0,,,,,,,,
2015-06-25,5.94,5.58,5.97,5.5,4441228.0,,,,,,,,
2015-06-26,5.43,5.04,5.44,5.02,5190334.0,,,,,,,,
2015-06-29,5.21,4.75,5.28,4.54,6030304.0,,,,,,,,
2015-06-30,4.6,5.12,5.13,4.39,6171242.0,,,,,,,,
2015-07-01,5.09,4.83,5.17,4.75,4651076.0,,,,,,,,
2015-07-02,4.95,4.49,4.95,4.43,4126347.0,,,,,,,,
2015-07-03,4.47,4.08,4.55,4.04,5111732.0,,,,,,,,
2015-07-06,4.47,4.28,4.49,4.0,6143519.0,,,,,,,,
2015-07-07,4.15,4.1,4.26,3.85,7140810.0,,,,,,,,
2015-07-08,3.79,3.69,3.95,3.69,4746357.0,,,,,,,,
2015-07-09,3.69,3.97,3.97,3.38,6526956.0,,,,,,,,
2015-07-10,4.1,4.37,4.37,4.0,5739785.0,,,,,,,,
2015-07-13,4.51,4.81,4.81,4.42,8358730.0,,,,,,,,
2015-07-14,4.81,4.57,4.92,4.51,7529933.0,,,,,,,,
2015-07-15,4.45,4.11,4.48,4.11,5068265.0,,,,,,,,
2015-07-16,4.11,4.24,4.34,3.94,3749811.0,,,,,,,,
2015-07-17,4.25,4.45,4.51,4.24,4088075.0,,,,,,,,
2015-07-20,4.45,4.42,4.54,4.35,3908283.0,,,,,,,,
2015-07-21,4.32,4.45,4.54,4.26,3852687.0,,,,,,,,
2015-07-22,4.38,4.36,4.44,4.27,3219758.0,,,,,,,,
2015-07-23,4.34,4.5,4.54,4.28,4981652.0,,,,,,,,
2015-07-24,4.46,4.39,4.57,4.34,5618584.0,,,,,,,,
2015-07-27,4.3,3.95,4.34,3.95,4287262.0,,,,,,,,
2015-07-28,3.85,3.88,3.99,3.64,4312877.0,,,,,,,,
2015-07-29,3.92,4.13,4.14,3.89,2670228.0,,,,,,,,
2015-07-30,4.11,3.99,4.17,3.93,2431917.0,,,,,,,,
2015-07-31,3.92,4.01,4.05,3.91,1798107.0,,,,,,,,
2015-08-03,3.98,4.0,4.03,3.83,2117615.0,,,,,,,,
2015-08-04,3.99,4.11,4.14,3.99,2344239.0,,,,,,,,
2015-08-05,4.08,4.0,4.1,3.98,1890605.0,,,,,,,,
2015-08-06,3.9,3.95,3.99,3.9,1224705.0,,,,,,,,
2015-08-07,4.05,4.04,4.08,4.01,1724323.0,,,,,,,,
2015-08-10,4.05,4.22,4.25,4.04,3743565.0,,,,,,,,
2015-08-11,4.25,4.64,4.64,4.22,9454607.0,,,,,,,,
2015-08-12,4.61,4.71,4.94,4.47,10854893.0,,,,,,,,
2015-08-13,4.6,4.65,4.75,4.5,5882219.0,,,,,,,,
2015-08-14,4.6,4.52,4.62,4.51,4423811.0,,,,,,,,
2015-08-17,4.52,4.57,4.63,4.48,3333491.0,,,,,,,,
2015-08-18,4.57,4.11,4.6,4.11,5042041.0,,,,,,,,
2015-08-19,3.98,4.25,4.26,3.91,3834452.0,,,,,,,,
2015-08-20,4.31,4.26,4.5,4.21,4390411.0,,,,,,,,
2015-08-21,4.37,4.17,4.44,4.05,3936655.0,,,,,,,,
2015-08-24,3.97,3.75,4.29,3.75,5914012.0,,,,,,,,
2015-08-25,3.46,3.38,3.67,3.38,4041351.0,,,,,,,,
2015-08-26,3.46,3.37,3.54,3.16,3813257.0,,,,,,,,
2015-08-27,3.39,3.49,3.49,3.3,2741908.0,,,,,,,,
2015-08-28,3.55,3.72,3.73,3.48,3274182.0,,,,,,,,
2015-08-31,3.67,3.56,3.67,3.51,2330630.0,,,,,,,,
2015-09-01,3.56,3.65,3.76,3.42,4082137.0,,,,,,,,
2015-09-02,3.5,3.56,3.69,3.45,2440842.0,,,,,,,,
2015-09-07,3.56,3.59,3.7,3.53,1791350.0,,,,,,,,
2015-09-08,3.57,3.64,3.68,3.48,1603064.0,,,,,,,,
2015-09-09,3.66,3.75,3.79,3.62,2899075.0,,,,,,,,
2015-09-10,3.69,3.64,3.7,3.61,1641835.0,,,,,,,,
2015-09-11,3.64,3.6,3.67,3.56,1170878.0,,,,,,,,
2015-09-14,3.6,3.63,3.65,3.31,2580065.0,,,,,,,,
2015-09-15,3.54,3.35,3.54,3.31,1257129.0,,,,,,,,
2015-09-16,3.36,3.59,3.65,3.36,1592359.0,,,,,,,,
2015-09-17,3.59,3.5,3.64,3.5,1769306.0,,,,,,,,
2015-09-18,3.57,3.51,3.59,3.47,912100.0,,,,,,,,
2015-09-21,3.48,3.55,3.56,3.45,942217.0,,,,,,,,
2015-09-22,3.54,3.57,3.6,3.52,1292017.0,,,,,,,,
2015-09-23,3.5,3.44,3.51,3.4,1177954.0,,,,,,,,
2015-09-24,3.44,3.47,3.49,3.43,677237.0,,,,,,,,
2015-09-25,3.52,3.51,3.6,3.42,2195417.0,,,,,,,,
2015-09-28,3.48,3.47,3.49,3.41,865607.0,,,,,,,,
2015-09-29,3.41,3.37,3.43,3.36,797851.0,,,,,,,,
2015-09-30,3.38,3.38,3.41,3.37,482906.0,,,,,,,,
2015-10-08,3.49,3.48,3.53,3.46,973072.0,,,,,,,,
2015-10-09,3.48,3.55,3.58,3.45,1612110.0,,,,,,,,
2015-10-12,3.57,3.74,3.83,3.54,3001096.0,,,,,,,,
2015-10-13,3.67,3.7,3.7,3.64,1826312.0,,,,,,,,
2015-10-14,3.72,3.67,3.79,3.66,2241674.0,,,,,,,,
2015-10-15,3.71,3.74,3.75,3.67,2166694.0,,,,,,,,
2015-10-16,3.74,3.74,3.76,3.69,2213570.0,,,,,,,,
2015-10-19,3.73,3.7,3.73,3.68,1662618.0,,,,,,,,
2015-10-20,3.68,3.73,3.74,3.65,1739740.0,,,,,,,,
2015-10-21,3.84,3.73,3.99,3.69,5737661.0,,,,,,,,
2015-10-22,3.65,3.77,3.78,3.61,2821128.0,,,,,,,,
2015-10-23,3.77,3.78,3.79,3.7,2283813.0,,,,,,,,
2015-10-26,3.81,3.77,3.84,3.74,2059967.0,,,,,,,,
2015-10-27,3.74,3.73,3.75,3.62,1502630.0,,,,,,,,
2015-10-28,3.71,3.71,3.77,3.67,1657549.0,,,,,,,,
2015-10-29,3.69,3.69,3.72,3.66,1175182.0,,,,,,,,
2015-10-30,3.65,3.65,3.68,3.61,1030374.0,,,,,,,,
2015-11-02,3.61,3.56,3.63,3.55,1164864.0,,,,,,,,
2015-11-03,3.55,3.56,3.59,3.52,809677.0,,,,,,,,
2015-11-04,3.53,3.68,3.68,3.53,1669613.0,,,,,,,,
2015-11-05,3.67,3.73,3.83,3.64,3677194.0,,,,,,,,
2015-11-06,3.71,3.78,3.79,3.69,2639516.0,,,,,,,,
2015-11-09,3.73,3.79,3.82,3.71,2907437.0,,,,,,,,
2015-11-10,3.77,3.88,3.97,3.75,4874401.0,,,,,,,,
2015-11-11,3.84,3.81,3.86,3.77,2899072.0,,,,,,,,
2015-11-12,3.8,3.77,3.85,3.76,2157370.0,,,,,,,,
2015-11-13,3.73,3.67,3.74,3.66,1991865.0,,,,,,,,
2015-11-16,3.69,3.79,3.79,3.69,2445528.0,,,,,,,,
2015-11-17,3.77,3.74,3.79,3.72,1952486.0,,,,,,,,
2015-11-18,3.71,3.69,3.73,3.68,1130225.0,,,,,,,,
2015-11-19,3.7,3.72,3.72,3.69,842193.0,,,,,,,,
2015-11-20,3.73,3.73,3.74,3.7,1217613.0,,,,,,,,
2015-11-23,3.71,3.68,3.72,3.66,1236972.0,,,,,,,,
2015-11-24,3.67,3.66,3.68,3.62,923955.0,,,,,,,,
2015-11-25,3.7,3.72,3.74,3.69,1441520.0,,,,,,,,
2015-11-26,3.7,3.69,3.76,3.67,1586091.0,,,,,,,,
2015-11-27,3.68,3.49,3.69,3.46,1772988.0,,,,,,,,
2015-11-30,3.49,3.46,3.53,3.35,1427188.0,,,,,,,,
2015-12-01,3.47,3.48,3.5,3.43,782107.0,,,,,,,,
2015-12-02,3.48,3.55,3.55,3.43,1224959.0,,,,,,,,
2015-12-03,3.5,3.56,3.56,3.49,937278.0,,,,,,,,
2015-12-04,3.56,3.51,3.58,3.5,938243.0,,,,,,,,
2015-12-07,3.55,3.55,3.58,3.53,945881.0,,,,,,,,
2015-12-08,3.52,3.46,3.52,3.45,796287.0,,,,,,,,
2015-12-09,3.46,3.48,3.52,3.45,671044.0,,,,,,,,
2015-12-10,3.45,3.44,3.48,3.42,687613.0,,,,,,,,
2015-12-11,3.41,3.45,3.49,3.38,964969.0,,,,,,,,
2015-12-14,3.42,3.66,3.74,3.41,3332271.0,,,,,,,,
2015-12-15,3.58,3.57,3.61,3.55,1582222.0,,,,,,,,
2015-12-16,3.58,3.6,3.67,3.56,1319900.0,,,,,,,,
2015-12-17,3.62,3.62,3.64,3.59,1454652.0,,,,,,,,
2015-12-18,3.59,3.58,3.61,3.54,1237932.0,,,,,,,,
2015-12-21,3.58,3.64,3.65,3.58,1554659.0,,,,,,,,
2015-12-22,3.64,3.65,3.68,3.63,1333383.0,,,,,,,,
2015-12-23,3.65,3.59,3.65,3.58,1080822.0,,,,,,,,
2015-12-24,3.59,3.57,3.6,3.55,669541.0,,,,,,,,
2015-12-25,3.58,3.58,3.59,3.56,497856.0,,,,,,,,
2015-12-28,3.59,3.51,3.59,3.51,895714.0,,,,,,,,
2015-12-29,3.5,3.56,3.57,3.48,700581.0,,,,,,,,
2015-12-30,3.55,3.56,3.57,3.54,603391.0,,,,,,,,
2015-12-31,3.55,3.52,3.56,3.51,649469.0,,,,,,,,
2016-01-04,3.52,3.31,3.52,3.3,789484.0,,,,,,,,
2016-01-05,3.25,3.4,3.46,3.25,1507379.0,,,,,,,,
2016-01-06,3.4,3.57,3.6,3.38,1963853.0,,,,,,,,
2016-01-07,3.55,3.29,3.57,3.26,577204.0,,,,,,,,
2016-01-08,3.46,3.52,3.54,3.31,2241424.0,,,,,,,,
2016-01-11,3.45,3.39,3.58,3.36,1946713.0,,,,,,,,
2016-01-12,3.34,3.29,3.4,3.21,1693860.0,,,,,,,,
2016-01-13,3.29,3.25,3.35,3.24,819949.0,,,,,,,,
2016-01-14,3.2,3.28,3.29,3.18,975596.0,,,,,,,,
2016-01-15,3.25,3.13,3.25,3.11,1179212.0,,,,,,,,
2016-01-18,3.09,3.12,3.14,3.05,694468.0,,,,,,,,
2016-01-19,3.11,3.19,3.19,3.08,873824.0,,,,,,,,
2016-01-20,3.17,3.2,3.28,3.12,1178981.0,,,,,,,,
2016-01-21,3.18,3.1,3.24,3.1,926709.0,,,,,,,,
2016-01-22,3.1,3.12,3.14,3.06,691766.0,,,,,,,,
2016-01-25,3.13,3.13,3.15,3.09,606225.0,,,,,,,,
2016-01-26,3.13,2.96,3.14,2.92,1074755.0,,,,,,,,
2016-01-27,2.96,2.87,2.99,2.78,1148246.0,,,,,,,,
2016-01-28,2.86,2.71,2.88,2.7,751807.0,,,,,,,,
2016-01-29,2.7,2.79,2.82,2.7,727823.0,,,,,,,,
2016-02-01,2.8,2.78,2.84,2.73,688094.0,,,,,,,,
2016-02-02,2.79,2.83,2.85,2.79,583886.0,,,,,,,,
2016-02-03,2.82,2.85,2.87,2.8,655770.0,,,,,,,,
2016-02-04,2.88,2.94,2.99,2.88,1161902.0,,,,,,,,
2016-02-05,2.98,3.02,3.1,2.95,1423542.0,,,,,,,,
2016-02-15,3.3,3.32,3.32,3.2,3428179.0,,,,,,,,
2016-02-16,3.28,3.37,3.43,3.21,3457510.0,,,,,,,,
2016-02-17,3.28,3.33,3.34,3.26,2006294.0,,,,,,,,
2016-02-18,3.31,3.26,3.32,3.25,1412063.0,,,,,,,,
2016-02-19,3.3,3.18,3.32,3.16,1845148.0,,,,,,,,
2016-02-22,3.19,3.22,3.25,3.18,1145121.0,,,,,,,,
2016-02-23,3.2,3.27,3.28,3.17,1817166.0,,,,,,,,
2016-02-24,3.25,3.33,3.45,3.21,3223727.0,,,,,,,,
2016-02-25,3.33,3.11,3.38,3.07,2611596.0,,,,,,,,
2016-02-26,3.13,3.17,3.19,3.08,1318170.0,,,,,,,,
2016-02-29,3.12,3.13,3.17,3.01,1315193.0,,,,,,,,
2016-03-01,3.15,3.3,3.35,3.13,2985996.0,,,,,,,,
2016-03-02,3.22,3.37,3.39,3.21,3124415.0,,,,,,,,
2016-03-03,3.37,3.46,3.47,3.28,4438105.0,,,,,,,,
2016-03-04,3.53,3.48,3.58,3.42,5505277.0,,,,,,,,
2016-03-07,3.51,3.58,3.61,3.45,4026281.0,,,,,,,,
2016-03-08,3.58,3.5,3.58,3.41,3087278.0,,,,,,,,
2016-03-09,3.34,3.36,3.39,3.29,2239477.0,,,,,,,,
2016-03-10,3.32,3.3,3.39,3.28,1444745.0,,,,,,,,
2016-03-11,3.4,3.34,3.4,3.32,1479395.0,,,,,,,,
2016-03-14,3.27,3.42,3.43,3.26,2244191.0,,,,,,,,
2016-03-15,3.36,3.36,3.42,3.3,1459252.0,,,,,,,,
2016-03-16,3.33,3.38,3.4,3.31,1563295.0,,,,,,,,
2016-03-17,3.42,3.39,3.42,3.36,1520836.0,,,,,,,,
2016-03-18,3.42,3.41,3.44,3.39,2038648.0,,,,,,,,
2016-03-21,3.4,3.42,3.42,3.38,2405380.0,,,,,,,,
2016-03-22,3.39,3.4,3.42,3.34,1714380.0,,,,,,,,
2016-03-23,3.37,3.35,3.39,3.33,1224977.0,,,,,,,,
2016-03-24,3.3,3.26,3.3,3.26,1257459.0,,,,,,,,
2016-03-25,3.25,3.27,3.28,3.24,574291.0,,,,,,,,
2016-03-28,3.27,3.27,3.3,3.26,606969.0,,,,,,,,
2016-03-29,3.26,3.25,3.28,3.23,606109.0,,,,,,,,
2016-03-30,3.29,3.3,3.3,3.26,777314.0,,,,,,,,
2016-03-31,3.28,3.27,3.29,3.26,589619.0,,,,,,,,
2016-04-01,3.27,3.29,3.29,3.25,651479.0,,,,,,,,
2016-04-05,3.27,3.3,3.31,3.25,888721.0,,,,,,,,
2016-04-06,3.3,3.28,3.32,3.27,692874.0,,,,,,,,
2016-04-07,3.28,3.25,3.29,3.25,634656.0,,,,,,,,
2016-04-08,3.26,3.31,3.33,3.25,1329473.0,,,,,,,,
2016-04-11,3.32,3.35,3.39,3.29,1751984.0,,,,,,,,
2016-04-12,3.35,3.36,3.41,3.33,1592179.0,,,,,,,,
2016-04-13,3.37,3.4,3.44,3.35,2375034.0,,,,,,,,
2016-04-14,3.37,3.35,3.38,3.33,1392371.0,,,,,,,,
2016-04-15,3.33,3.33,3.36,3.31,853828.0,,,,,,,,
2016-04-18,3.33,3.29,3.33,3.28,649929.0,,,,,,,,
2016-04-19,3.29,3.32,3.33,3.27,690169.0,,,,,,,,
2016-04-20,3.35,3.25,3.37,3.18,1703721.0,,,,,,,,
2016-04-21,3.23,3.32,3.33,3.21,1517608.0,,,,,,,,
2016-04-22,3.25,3.24,3.27,3.21,1070622.0,,,,,,,,
2016-04-25,3.21,3.19,3.22,3.16,548876.0,,,,,,,,
2016-04-26,3.2,3.19,3.22,3.16,520320.0,,,,,,,,
2016-04-27,3.21,3.23,3.24,3.18,916065.0,,,,,,,,
2016-04-28,3.19,3.18,3.2,3.15,855502.0,,,,,,,,
2016-04-29,3.2,3.21,3.26,3.2,1269289.0,,,,,,,,
2016-05-03,3.26,3.29,3.32,3.24,1398947.0,,,,,,,,
2016-05-04,3.25,3.25,3.27,3.23,806509.0,,,,,,,,
2016-05-05,3.24,3.25,3.28,3.23,593676.0,5.786,5.804,5.857,5.768,3.059,3.068,3.097,3.049
2016-05-06,3.24,3.17,3.26,3.16,1002142.0,5.786,5.661,5.822,5.643,3.059,2.993,3.078,2.983
2016-05-09,3.17,3.09,3.18,3.08,834619.0,5.661,5.518,5.679,5.5,2.993,2.917,3.002,2.908
2016-05-10,3.06,3.08,3.08,3.04,475626.0,5.464,5.5,5.5,5.429,2.889,2.908,2.908,2.87
2016-05-11,3.08,3.1,3.12,3.04,481546.0,5.5,5.536,5.572,5.429,2.908,2.927,2.945,2.87
2016-05-12,3.08,3.09,3.1,3.05,438515.0,5.5,5.518,5.536,5.447,2.908,2.917,2.927,2.879
2016-05-13,3.06,3.1,3.13,3.06,598685.0,5.464,5.536,5.589,5.464,2.889,2.927,2.955,2.889
2016-05-16,3.09,3.17,3.22,3.05,883976.0,5.518,5.661,5.75,5.447,2.917,2.993,3.04,2.879
2016-05-17,3.15,3.12,3.18,3.12,576844.0,5.625,5.572,5.679,5.572,2.974,2.945,3.002,2.945
2016-05-18,3.13,3.09,3.16,3.06,639682.0,5.589,5.518,5.643,5.464,2.955,2.917,2.983,2.889
2016-05-19,3.05,3.07,3.09,3.05,511538.0,5.447,5.482,5.518,5.447,2.879,2.898,2.917,2.879
2016-05-20,3.05,3.06,3.07,3.03,376348.0,5.447,5.464,5.482,5.411,2.879,2.889,2.898,2.861
2016-05-23,3.06,3.06,3.07,3.05,349031.0,5.464,5.464,5.482,5.447,2.889,2.889,2.898,2.879
2016-05-24,3.06,3.06,3.06,3.02,373348.0,5.464,5.464,5.464,5.393,2.889,2.889,2.889,2.851
2016-05-25,3.04,3.02,3.05,3.02,348686.0,5.429,5.393,5.447,5.393,2.87,2.851,2.879,2.851
2016-05-26,3.02,3.03,3.04,2.99,350842.0,5.393,5.411,5.429,5.339,2.851,2.861,2.87,2.823
2016-05-27,3.01,3.02,3.03,3.0,258050.0,5.375,5.393,5.411,5.357,2.842,2.851,2.861,2.832
2016-05-30,3.01,2.99,3.01,2.98,282172.0,5.375,5.339,5.375,5.322,2.842,2.823,2.842,2.813
2016-05-31,2.99,3.06,3.06,2.99,579171.0,5.339,5.464,5.464,5.339,2.823,2.889,2.889,2.823
2016-06-01,3.05,3.06,3.08,3.04,483323.0,5.447,5.464,5.5,5.429,2.879,2.889,2.908,2.87
2016-06-02,3.05,3.06,3.07,3.04,377207.0,5.447,5.464,5.482,5.429,2.879,2.889,2.898,2.87
2016-06-03,3.05,3.05,3.06,3.03,405702.0,5.447,5.447,5.464,5.411,2.879,2.879,2.889,2.861
2016-06-06,3.13,3.11,3.17,3.1,1073716.0,5.589,5.554,5.661,5.536,2.955,2.936,2.993,2.927
2016-06-07,3.12,3.08,3.14,3.07,444570.0,5.572,5.5,5.607,5.482,2.945,2.908,2.964,2.898
2016-06-08,3.09,3.09,3.1,3.07,403244.0,5.518,5.518,5.536,5.482,2.917,2.917,2.927,2.898
2016-06-13,3.14,3.15,3.22,3.11,2108696.0,5.607,5.625,5.75,5.554,2.964,2.974,3.04,2.936
2016-06-14,3.13,3.09,3.15,3.06,988027.0,5.589,5.518,5.625,5.464,2.955,2.917,2.974,2.889
2016-06-15,3.06,3.16,3.18,3.05,1282427.0,5.464,5.643,5.679,5.447,2.889,2.983,3.002,2.879
2016-06-16,3.17,3.48,3.48,3.15,5620835.0,5.661,6.214,6.214,5.625,2.993,3.285,3.285,2.974
2016-06-17,3.35,3.42,3.49,3.35,4494397.0,5.982,6.107,6.232,5.982,3.163,3.229,3.295,3.163
2016-06-20,3.42,3.38,3.43,3.34,1504203.0,6.107,6.036,6.125,5.964,3.229,3.191,3.238,3.153
2016-06-21,3.38,3.27,3.38,3.23,2571764.0,6.036,5.839,6.036,5.768,3.191,3.087,3.191,3.049
2016-06-22,3.23,3.27,3.29,3.2,981087.0,5.768,5.839,5.875,5.714,3.049,3.087,3.106,3.021
2016-06-23,3.26,3.27,3.29,3.23,1020966.0,5.822,5.839,5.875,5.768,3.078,3.087,3.106,3.049
2016-06-24,3.32,3.51,3.59,3.25,6406124.0,5.929,6.268,6.411,5.804,3.134,3.314,3.389,3.068
2016-06-27,3.48,3.44,3.52,3.41,3122385.0,6.214,6.143,6.286,6.089,3.285,3.248,3.323,3.219
2016-06-28,3.43,3.4,3.44,3.37,1781282.0,6.125,6.072,6.143,6.018,3.238,3.21,3.248,3.182
2016-06-29,3.37,3.39,3.4,3.35,1473936.0,6.018,6.054,6.072,5.982,3.182,3.2,3.21,3.163
2016-06-30,3.37,3.37,3.43,3.36,1157350.0,6.018,6.018,6.125,6.0,3.182,3.182,3.238,3.172
2016-07-01,3.39,3.41,3.5,3.37,2766613.0,6.054,6.089,6.25,6.018,3.2,3.219,3.304,3.182
2016-07-04,3.46,3.51,3.62,3.42,4676923.0,6.179,6.268,6.464,6.107,3.266,3.314,3.418,3.229
2016-07-05,3.51,3.48,3.51,3.44,1929947.0,6.268,6.214,6.268,6.143,3.314,3.285,3.314,3.248
2016-07-06,3.52,3.68,3.81,3.51,9324976.0,6.286,6.572,6.804,6.268,3.323,3.474,3.597,3.314
2016-07-11,3.78,4.05,4.05,3.73,10455030.0,6.75,7.232,7.232,6.661,3.569,3.823,3.823,3.521
2016-07-12,3.97,3.93,4.0,3.85,6123135.0,7.089,7.018,7.143,6.875,3.748,3.71,3.776,3.635
2016-07-13,3.8,3.93,3.94,3.78,4270654.0,6.786,7.018,7.036,6.75,3.587,3.71,3.72,3.569
2016-07-14,3.94,3.84,3.97,3.81,2744625.0,7.036,6.857,7.089,6.804,3.72,3.625,3.748,3.597
2016-07-15,3.81,3.85,3.9,3.78,2114689.0,6.804,6.875,6.964,6.75,3.597,3.635,3.682,3.569
2016-07-18,3.8,3.83,3.92,3.75,2283943.0,6.786,6.839,7.0,6.697,3.587,3.616,3.701,3.54
2016-07-19,3.76,3.79,3.85,3.75,1999129.0,6.714,6.768,6.875,6.697,3.55,3.578,3.635,3.54
2016-07-20,3.8,3.73,3.85,3.72,1827615.0,6.786,6.661,6.875,6.643,3.587,3.521,3.635,3.512
2016-07-21,3.68,3.68,3.7,3.65,1772682.0,6.572,6.572,6.607,6.518,3.474,3.474,3.493,3.446
2016-07-22,3.68,3.56,3.68,3.54,1753658.0,6.681,6.463,6.681,6.426,3.532,3.417,3.532,3.397
2016-07-25,3.51,3.48,3.53,3.46,1728711.0,6.372,6.318,6.408,6.281,3.369,3.34,3.388,3.321
2016-07-26,3.49,3.57,3.58,3.49,1798273.0,6.336,6.481,6.499,6.336,3.349,3.426,3.436,3.349
2016-07-27,3.56,3.5,3.56,3.37,2115806.0,6.463,6.354,6.463,6.118,3.417,3.359,3.417,3.234
2016-07-28,3.54,3.54,3.56,3.5,1779703.0,6.426,6.426,6.463,6.354,3.397,3.397,3.417,3.359
2016-07-29,3.52,3.47,3.55,3.42,1477707.0,6.39,6.299,6.445,6.209,3.378,3.33,3.407,3.282
2016-08-01,3.52,3.56,3.65,3.51,2400977.0,6.39,6.463,6.626,6.372,3.378,3.417,3.503,3.369
2016-08-02,3.56,3.58,3.58,3.51,1034465.0,6.463,6.499,6.499,6.372,3.417,3.436,3.436,3.369
2016-08-03,3.64,3.62,3.67,3.61,1723646.0,6.608,6.572,6.662,6.554,3.493,3.474,3.522,3.465
2016-08-04,3.58,3.56,3.58,3.51,1211832.0,6.499,6.463,6.499,6.372,3.436,3.417,3.436,3.369
2016-08-05,3.56,3.56,3.57,3.53,737557.0,6.463,6.463,6.481,6.408,3.417,3.417,3.426,3.388
2016-08-08,3.45,3.48,3.48,3.42,1452059.0,6.263,6.318,6.318,6.209,3.311,3.34,3.34,3.282
2016-08-09,3.47,3.48,3.48,3.45,755989.0,6.299,6.318,6.318,6.263,3.33,3.34,3.34,3.311
2016-08-10,3.5,3.55,3.57,3.5,2005358.0,6.354,6.445,6.481,6.354,3.359,3.407,3.426,3.359
2016-08-11,3.5,3.5,3.52,3.48,906587.0,6.354,6.354,6.39,6.318,3.359,3.359,3.378,3.34
2016-08-12,3.48,3.52,3.52,3.46,627461.0,6.318,6.39,6.39,6.281,3.34,3.378,3.378,3.321
2016-08-15,3.51,3.54,3.56,3.49,1812380.0,6.372,6.426,6.463,6.336,3.369,3.397,3.417,3.349
2016-08-16,3.54,3.55,3.57,3.46,2779232.0,6.426,6.445,6.481,6.281,3.397,3.407,3.426,3.321
2016-08-17,3.52,3.49,3.52,3.48,1553821.0,6.39,6.336,6.39,6.318,3.378,3.349,3.378,3.34
2016-08-18,3.51,3.49,3.52,3.48,1001889.0,6.372,6.336,6.39,6.318,3.369,3.349,3.378,3.34
2016-08-19,3.48,3.47,3.49,3.45,809149.0,6.318,6.299,6.336,6.263,3.34,3.33,3.349,3.311
2016-08-22,3.44,3.43,3.45,3.42,1042139.0,6.245,6.227,6.263,6.209,3.301,3.292,3.311,3.282
2016-08-23,3.42,3.44,3.44,3.41,792678.0,6.209,6.245,6.245,6.19,3.282,3.301,3.301,3.273
2016-08-24,3.44,3.41,3.44,3.4,709571.0,6.245,6.19,6.245,6.172,3.301,3.273,3.301,3.263
2016-08-25,3.38,3.36,3.38,3.32,1207396.0,6.136,6.1,6.136,6.027,3.244,3.225,3.244,3.186
2016-08-26,3.35,3.37,3.38,3.35,554245.0,6.082,6.118,6.136,6.082,3.215,3.234,3.244,3.215
2016-08-29,3.35,3.34,3.35,3.32,857140.0,6.082,6.063,6.082,6.027,3.215,3.205,3.215,3.186
2016-08-30,3.34,3.34,3.36,3.33,806824.0,6.063,6.063,6.1,6.045,3.205,3.205,3.225,3.196
2016-08-31,3.32,3.34,3.34,3.31,639873.0,6.027,6.063,6.063,6.009,3.186,3.205,3.205,3.177
2016-09-01,3.33,3.33,3.37,3.32,872324.0,6.045,6.045,6.118,6.027,3.196,3.196,3.234,3.186
2016-09-02,3.33,3.34,3.37,3.33,764849.0,6.045,6.063,6.118,6.045,3.196,3.205,3.234,3.196
2016-09-05,3.36,3.36,3.37,3.34,603743.0,6.1,6.1,6.118,6.063,3.225,3.225,3.234,3.205
2016-09-06,3.35,3.36,3.36,3.32,698081.0,6.082,6.1,6.1,6.027,3.215,3.225,3.225,3.186
2016-09-07,3.39,3.39,3.42,3.38,1409252.0,6.154,6.154,6.209,6.136,3.253,3.253,3.282,3.244
2016-09-08,3.37,3.37,3.38,3.34,657890.0,6.118,6.118,6.136,6.063,3.234,3.234,3.244,3.205
2016-09-09,3.34,3.34,3.35,3.33,580475.0,6.063,6.063,6.082,6.045,3.205,3.205,3.215,3.196
2016-09-12,3.3,3.22,3.3,3.19,1599339.0,5.991,5.846,5.991,5.791,3.167,3.09,3.167,3.061
2016-09-13,3.23,3.22,3.24,3.2,558983.0,5.864,5.846,5.882,5.809,3.1,3.09,3.109,3.071
2016-09-14,3.19,3.24,3.24,3.15,1036824.0,5.791,5.882,5.882,5.718,3.061,3.109,3.109,3.023
2016-09-19,3.2,3.22,3.23,3.2,449648.0,5.809,5.846,5.864,5.809,3.071,3.09,3.1,3.071
2016-09-20,3.22,3.22,3.24,3.21,456313.0,5.846,5.846,5.882,5.827,3.09,3.09,3.109,3.081
2016-09-21,3.22,3.25,3.25,3.21,539089.0,5.846,5.9,5.9,5.827,3.09,3.119,3.119,3.081
2016-09-22,3.28,3.26,3.31,3.25,947909.0,5.954,5.918,6.009,5.9,3.148,3.129,3.177,3.119
2016-09-23,3.27,3.23,3.28,3.22,455032.0,5.936,5.864,5.954,5.846,3.138,3.1,3.148,3.09
2016-09-26,3.22,3.17,3.23,3.16,610566.0,5.846,5.755,5.864,5.737,3.09,3.042,3.1,3.033
2016-09-27,3.18,3.21,3.21,3.17,563371.0,5.773,5.827,5.827,5.755,3.052,3.081,3.081,3.042
2016-09-28,3.19,3.18,3.19,3.17,386788.0,5.791,5.773,5.791,5.755,3.061,3.052,3.061,3.042
2016-09-29,3.18,3.18,3.19,3.17,361883.0,5.773,5.773,5.791,5.755,3.052,3.052,3.061,3.042
2016-09-30,3.18,3.21,3.21,3.17,433614.0,5.773,5.827,5.827,5.755,3.052,3.081,3.081,3.042
2016-10-10,3.12,3.18,3.18,3.1,1056578.0,5.664,5.773,5.773,5.628,2.994,3.052,3.052,2.975
2016-10-11,3.17,3.19,3.19,3.15,742914.0,5.755,5.791,5.791,5.718,3.042,3.061,3.061,3.023
2016-10-12,3.17,3.18,3.18,3.16,429804.0,5.755,5.773,5.773,5.737,3.042,3.052,3.052,3.033
2016-10-13,3.17,3.18,3.19,3.16,673345.0,5.755,5.773,5.791,5.737,3.042,3.052,3.061,3.033
2016-10-14,3.17,3.17,3.18,3.15,588857.0,5.755,5.755,5.773,5.718,3.042,3.042,3.052,3.023
2016-10-17,3.17,3.24,3.27,3.16,1509635.0,5.755,5.882,5.936,5.737,3.042,3.109,3.138,3.033
2016-10-18,3.21,3.25,3.25,3.2,994479.0,5.827,5.9,5.9,5.809,3.081,3.119,3.119,3.071
2016-10-19,3.25,3.25,3.29,3.23,1063418.0,5.9,5.9,5.973,5.864,3.119,3.119,3.157,3.1
2016-10-20,3.25,3.24,3.26,3.23,605925.0,5.9,5.882,5.918,5.864,3.119,3.109,3.129,3.1
2016-10-21,3.23,3.24,3.24,3.21,663548.0,5.864,5.882,5.882,5.827,3.1,3.109,3.109,3.081
2016-10-24,3.23,3.27,3.27,3.22,941309.0,5.864,5.936,5.936,5.846,3.1,3.138,3.138,3.09
2016-10-25,3.26,3.3,3.32,3.25,1176858.0,5.918,5.991,6.027,5.9,3.129,3.167,3.186,3.119
2016-10-26,3.32,3.28,3.32,3.27,978275.0,6.027,5.954,6.027,5.936,3.186,3.148,3.186,3.138
2016-10-27,3.27,3.25,3.27,3.24,549303.0,5.936,5.9,5.936,5.882,3.138,3.119,3.138,3.109
2016-10-28,3.26,3.24,3.27,3.23,651780.0,5.918,5.882,5.936,5.864,3.129,3.109,3.138,3.1
2016-10-31,3.25,3.28,3.29,3.25,1054359.0,5.9,5.954,5.973,5.9,3.119,3.148,3.157,3.119
2016-11-01,3.28,3.29,3.3,3.25,858740.0,5.954,5.973,5.991,5.9,3.148,3.157,3.167,3.119
2016-11-02,3.32,3.43,3.46,3.31,4276299.0,6.027,6.227,6.281,6.009,3.186,3.292,3.321,3.177
2016-11-03,3.44,3.39,3.44,3.36,2214933.0,6.245,6.154,6.245,6.1,3.301,3.253,3.301,3.225
2016-11-04,3.37,3.34,3.39,3.33,1513985.0,6.118,6.063,6.154,6.045,3.234,3.205,3.253,3.196
2016-11-07,3.3,3.35,3.36,3.29,1373822.0,5.991,6.082,6.1,5.973,3.167,3.215,3.225,3.157
2016-11-08,3.31,3.37,3.37,3.31,1537736.0,6.009,6.118,6.118,6.009,3.177,3.234,3.234,3.177
2016-11-09,3.35,3.59,3.65,3.33,7722586.0,6.082,6.517,6.626,6.045,3.215,3.445,3.503,3.196
2016-11-10,3.4,3.48,3.53,3.4,4395915.0,6.172,6.318,6.408,6.172,3.263,3.34,3.388,3.263
2016-11-11,3.44,3.58,3.64,3.4,5763210.0,6.245,6.499,6.608,6.172,3.301,3.436,3.493,3.263
2016-11-14,3.48,3.62,3.78,3.46,8154987.0,6.318,6.572,6.862,6.281,3.34,3.474,3.628,3.321
2016-11-15,3.64,3.63,3.73,3.6,4224438.0,6.608,6.59,6.771,6.535,3.493,3.484,3.58,3.455
2016-11-16,3.6,3.59,3.64,3.52,2698224.0,6.535,6.517,6.608,6.39,3.455,3.445,3.493,3.378
2016-11-17,3.56,3.58,3.59,3.53,1296134.0,6.463,6.499,6.517,6.408,3.417,3.436,3.445,3.388
2016-11-18,3.57,3.5,3.63,3.49,2344882.0,6.481,6.354,6.59,6.336,3.426,3.359,3.484,3.349
2016-11-21,3.5,3.5,3.52,3.44,2225653.0,6.354,6.354,6.39,6.245,3.359,3.359,3.378,3.301
2016-11-22,3.51,3.54,3.55,3.47,1768911.0,6.372,6.426,6.445,6.299,3.369,3.397,3.407,3.33
2016-11-23,3.52,3.51,3.54,3.49,1410840.0,6.39,6.372,6.426,6.336,3.378,3.369,3.397,3.349
2016-11-24,3.48,3.52,3.59,3.47,2477513.0,6.318,6.39,6.517,6.299,3.34,3.378,3.445,3.33
2016-11-25,3.51,3.51,3.55,3.45,2119916.0,6.372,6.372,6.445,6.263,3.369,3.369,3.407,3.311
2016-11-28,3.56,3.7,3.8,3.56,5708177.0,6.463,6.717,6.898,6.463,3.417,3.551,3.647,3.417
2016-11-29,3.68,3.66,3.69,3.62,2460670.0,6.681,6.644,6.699,6.572,3.532,3.513,3.541,3.474
2016-11-30,3.63,3.56,3.67,3.53,2413777.0,6.59,6.463,6.662,6.408,3.484,3.417,3.522,3.388
2016-12-01,3.53,3.65,3.66,3.52,1888847.0,6.408,6.626,6.644,6.39,3.388,3.503,3.513,3.378
2016-12-02,3.64,3.57,3.66,3.55,2025606.0,6.608,6.481,6.644,6.445,3.493,3.426,3.513,3.407
2016-12-05,3.53,3.5,3.54,3.48,1632662.0,6.408,6.354,6.426,6.318,3.388,3.359,3.397,3.34
2016-12-06,3.51,3.47,3.54,3.45,1259109.0,6.372,6.299,6.426,6.263,3.369,3.33,3.397,3.311
2016-12-07,3.47,3.48,3.48,3.41,1811257.0,6.299,6.318,6.318,6.19,3.33,3.34,3.34,3.273
2016-12-08,3.49,3.52,3.57,3.48,2181717.0,6.336,6.39,6.481,6.318,3.349,3.378,3.426,3.34
2016-12-09,3.5,3.52,3.54,3.47,1244943.0,6.354,6.39,6.426,6.299,3.359,3.378,3.397,3.33
2016-12-12,3.49,3.41,3.53,3.4,1527261.0,6.336,6.19,6.408,6.172,3.349,3.273,3.388,3.263
2016-12-13,3.4,3.44,3.44,3.37,976846.0,6.172,6.245,6.245,6.118,3.263,3.301,3.301,3.234
2016-12-14,3.42,3.55,3.6,3.41,2776894.0,6.209,6.445,6.535,6.19,3.282,3.407,3.455,3.273
2016-12-15,3.42,3.48,3.52,3.42,1940860.0,6.209,6.318,6.39,6.209,3.282,3.34,3.378,3.282
2016-12-16,3.46,3.46,3.48,3.41,1209061.0,6.281,6.281,6.318,6.19,3.321,3.321,3.34,3.273
2016-12-19,3.47,3.46,3.48,3.42,698796.0,6.299,6.281,6.318,6.209,3.33,3.321,3.34,3.282
2016-12-20,3.44,3.39,3.45,3.37,1260438.0,6.245,6.154,6.263,6.118,3.301,3.253,3.311,3.234
2016-12-21,3.38,3.42,3.43,3.36,942818.0,6.136,6.209,6.227,6.1,3.244,3.282,3.292,3.225
2016-12-22,3.41,3.39,3.41,3.37,767832.0,6.19,6.154,6.19,6.118,3.273,3.253,3.273,3.234
2016-12-23,3.39,3.34,3.39,3.33,777266.0,6.154,6.063,6.154,6.045,3.253,3.205,3.253,3.196
2016-12-26,3.33,3.3,3.34,3.24,1024746.0,6.045,5.991,6.063,5.882,3.196,3.167,3.205,3.109
2016-12-27,3.29,3.3,3.33,3.26,960522.0,5.973,5.991,6.045,5.918,3.157,3.167,3.196,3.129
2016-12-28,3.31,3.3,3.32,3.28,754576.0,6.009,5.991,6.027,5.954,3.177,3.167,3.186,3.148
2016-12-29,3.32,3.34,3.36,3.31,1013484.0,6.027,6.063,6.1,6.009,3.186,3.205,3.225,3.177
2016-12-30,3.37,3.34,3.39,3.32,723803.0,6.118,6.063,6.154,6.027,3.234,3.205,3.253,3.186
2017-01-03,3.33,3.36,3.38,3.32,682001.0,6.045,6.1,6.136,6.027,3.196,3.225,3.244,3.186
2017-01-04,3.36,3.37,3.38,3.34,717167.0,6.1,6.118,6.136,6.063,3.225,3.234,3.244,3.205
2017-01-05,3.38,3.41,3.42,3.37,1066780.0,6.136,6.19,6.209,6.118,3.244,3.273,3.282,3.234
2017-01-06,3.41,3.38,3.42,3.36,830702.0,6.19,6.136,6.209,6.1,3.273,3.244,3.282,3.225
2017-01-09,3.37,3.37,3.39,3.34,742923.0,6.118,6.118,6.154,6.063,3.234,3.234,3.253,3.205
2017-01-10,3.38,3.4,3.42,3.36,898506.0,6.136,6.172,6.209,6.1,3.244,3.263,3.282,3.225
2017-01-11,3.4,3.41,3.45,3.39,1272314.0,6.172,6.19,6.263,6.154,3.263,3.273,3.311,3.253
2017-01-12,3.41,3.4,3.44,3.38,653278.0,6.19,6.172,6.245,6.136,3.273,3.263,3.301,3.244
2017-01-13,3.4,3.41,3.44,3.38,936205.0,6.172,6.19,6.245,6.136,3.263,3.273,3.301,3.244
2017-01-16,3.41,3.45,3.48,3.36,2083866.0,6.19,6.263,6.318,6.1,3.273,3.311,3.34,3.225
2017-01-17,3.43,3.49,3.5,3.41,1153342.0,6.227,6.336,6.354,6.19,3.292,3.349,3.359,3.273
2017-01-18,3.49,3.49,3.54,3.47,1241841.0,6.336,6.336,6.426,6.299,3.349,3.349,3.397,3.33
2017-01-19,3.46,3.42,3.47,3.42,724968.0,6.281,6.209,6.299,6.209,3.321,3.282,3.33,3.282
2017-01-20,3.42,3.44,3.45,3.39,614549.0,6.209,6.245,6.263,6.154,3.282,3.301,3.311,3.253
2017-01-23,3.46,3.51,3.53,3.45,1087564.0,6.281,6.372,6.408,6.263,3.321,3.369,3.388,3.311
2017-01-24,3.52,3.49,3.52,3.48,822701.0,6.39,6.336,6.39,6.318,3.378,3.349,3.378,3.34
2017-01-25,3.48,3.51,3.53,3.48,857670.0,6.318,6.372,6.408,6.318,3.34,3.369,3.388,3.34
2017-01-26,3.5,3.58,3.59,3.48,1925557.0,6.354,6.499,6.517,6.318,3.359,3.436,3.445,3.34
2017-02-03,3.62,3.57,3.64,3.55,1186285.0,6.572,6.481,6.608,6.445,3.474,3.426,3.493,3.407
2017-02-06,3.57,3.54,3.59,3.52,1122629.0,6.481,6.426,6.517,6.39,3.426,3.397,3.445,3.378
2017-02-07,3.58,3.58,3.6,3.54,1503794.0,6.499,6.499,6.535,6.426,3.436,3.436,3.455,3.397
2017-02-08,3.55,3.55,3.58,3.53,1268820.0,6.445,6.445,6.499,6.408,3.407,3.407,3.436,3.388
2017-02-09,3.57,3.58,3.58,3.55,1267533.0,6.481,6.499,6.499,6.445,3.426,3.436,3.436,3.407
2017-02-10,3.54,3.55,3.57,3.53,1463723.0,6.426,6.445,6.481,6.408,3.397,3.407,3.426,3.388
2017-02-13,3.61,3.6,3.69,3.6,2321520.0,6.554,6.535,6.699,6.535,3.465,3.455,3.541,3.455
2017-02-14,3.6,3.63,3.63,3.57,1112117.0,6.535,6.59,6.59,6.481,3.455,3.484,3.484,3.426
2017-02-15,3.6,3.55,3.62,3.55,1087679.0,6.535,6.445,6.572,6.445,3.455,3.407,3.474,3.407
2017-02-16,3.56,3.62,3.66,3.55,1682265.0,6.463,6.572,6.644,6.445,3.417,3.474,3.513,3.407
2017-02-17,3.62,3.57,3.64,3.55,987590.0,6.572,6.481,6.608,6.445,3.474,3.426,3.493,3.407
2017-02-20,3.55,3.62,3.63,3.54,1358715.0,6.445,6.572,6.59,6.426,3.407,3.474,3.484,3.397
2017-02-21,3.62,3.64,3.65,3.62,963134.0,6.572,6.608,6.626,6.572,3.474,3.493,3.503,3.474
2017-02-22,3.64,3.63,3.65,3.62,764079.0,6.608,6.59,6.626,6.572,3.493,3.484,3.503,3.474
2017-02-23,3.64,3.64,3.68,3.61,1250466.0,6.608,6.608,6.681,6.554,3.493,3.493,3.532,3.465
2017-02-24,3.66,3.61,3.66,3.56,1459935.0,6.644,6.554,6.644,6.463,3.513,3.465,3.513,3.417
2017-02-27,3.61,3.57,3.65,3.57,1304748.0,6.554,6.481,6.626,6.481,3.465,3.426,3.503,3.426
2017-02-28,3.56,3.57,3.58,3.54,755807.0,6.463,6.481,6.499,6.426,3.417,3.426,3.436,3.397
2017-03-01,3.55,3.57,3.59,3.53,891693.0,6.445,6.481,6.517,6.408,3.407,3.426,3.445,3.388
2017-03-02,3.56,3.53,3.57,3.53,768531.0,6.463,6.408,6.481,6.408,3.417,3.388,3.426,3.388
2017-03-03,3.5,3.45,3.5,3.43,1445204.0,6.354,6.263,6.354,6.227,3.359,3.311,3.359,3.292
2017-03-06,3.46,3.47,3.47,3.44,712779.0,6.281,6.299,6.299,6.245,3.321,3.33,3.33,3.301
2017-03-07,3.46,3.46,3.46,3.44,694869.0,6.281,6.281,6.281,6.245,3.321,3.321,3.321,3.301
2017-03-08,3.44,3.44,3.44,3.42,631766.0,6.245,6.245,6.245,6.209,3.301,3.301,3.301,3.282
2017-03-09,3.41,3.39,3.41,3.38,988348.0,6.19,6.154,6.19,6.136,3.273,3.253,3.273,3.244
2017-03-10,3.38,3.4,3.41,3.37,510348.0,6.136,6.172,6.19,6.118,3.244,3.263,3.273,3.234
2017-03-13,3.4,3.46,3.46,3.39,1001269.0,6.172,6.281,6.281,6.154,3.263,3.321,3.321,3.253
2017-03-14,3.45,3.44,3.46,3.43,556963.0,6.263,6.245,6.281,6.227,3.311,3.301,3.321,3.292
2017-03-15,3.43,3.46,3.47,3.42,559384.0,6.227,6.281,6.299,6.209,3.292,3.321,3.33,3.282
2017-03-16,3.5,3.48,3.51,3.46,861676.0,6.354,6.318,6.372,6.281,3.359,3.34,3.369,3.321
2017-03-17,3.48,3.45,3.5,3.44,613610.0,6.318,6.263,6.354,6.245,3.34,3.311,3.359,3.301
2017-03-20,3.45,3.5,3.52,3.45,991157.0,6.263,6.354,6.39,6.263,3.311,3.359,3.378,3.311
2017-03-21,3.49,3.47,3.5,3.45,649736.0,6.336,6.299,6.354,6.263,3.349,3.33,3.359,3.311
2017-03-22,3.49,3.46,3.5,3.44,921104.0,6.336,6.281,6.354,6.245,3.349,3.321,3.359,3.301
2017-03-23,3.46,3.46,3.48,3.42,900452.0,6.281,6.281,6.318,6.209,3.321,3.321,3.34,3.282
2017-03-24,3.44,3.42,3.45,3.4,1256554.0,6.245,6.209,6.263,6.172,3.301,3.282,3.311,3.263
2017-03-27,3.43,3.47,3.48,3.42,1255145.0,6.227,6.299,6.318,6.209,3.292,3.33,3.34,3.282
2017-03-28,3.45,3.44,3.46,3.43,648172.0,6.263,6.245,6.281,6.227,3.311,3.301,3.321,3.292
2017-03-29,3.44,3.46,3.47,3.44,757539.0,6.245,6.281,6.299,6.245,3.301,3.321,3.33,3.301
2017-03-30,3.46,3.4,3.46,3.36,1262247.0,6.281,6.172,6.281,6.1,3.321,3.263,3.321,3.225
2017-03-31,3.38,3.38,3.4,3.36,998575.0,6.136,6.136,6.172,6.1,3.244,3.244,3.263,3.225
2017-04-05,3.39,3.42,3.42,3.39,1232106.0,6.154,6.209,6.209,6.154,3.253,3.282,3.282,3.253
2017-04-06,3.41,3.46,3.47,3.4,1381952.0,6.19,6.281,6.299,6.172,3.273,3.321,3.33,3.263
2017-04-07,3.46,3.56,3.62,3.45,3877067.0,6.281,6.463,6.572,6.263,3.321,3.417,3.474,3.311
2017-04-10,3.5,3.51,3.52,3.48,1432867.0,6.354,6.372,6.39,6.318,3.359,3.369,3.378,3.34
2017-04-11,3.49,3.57,3.6,3.48,2422834.0,6.336,6.481,6.535,6.318,3.349,3.426,3.455,3.34
2017-04-12,3.62,3.57,3.64,3.55,2137614.0,6.572,6.481,6.608,6.445,3.474,3.426,3.493,3.407
2017-04-13,3.6,3.58,3.61,3.56,989345.0,6.535,6.499,6.554,6.463,3.455,3.436,3.465,3.417
2017-04-14,3.59,3.62,3.65,3.57,2472703.0,6.517,6.572,6.626,6.481,3.445,3.474,3.503,3.426
2017-04-17,3.58,3.53,3.59,3.49,1575673.0,6.499,6.408,6.517,6.336,3.436,3.388,3.445,3.349
2017-04-18,3.51,3.47,3.52,3.47,804740.0,6.372,6.299,6.39,6.299,3.369,3.33,3.378,3.33
2017-04-19,3.5,3.49,3.55,3.44,1705064.0,6.354,6.336,6.445,6.245,3.359,3.349,3.407,3.301
2017-04-20,3.46,3.43,3.47,3.4,1074618.0,6.281,6.227,6.299,6.172,3.321,3.292,3.33,3.263
2017-04-21,3.44,3.44,3.45,3.42,573594.0,6.245,6.245,6.263,6.209,3.301,3.301,3.311,3.282
2017-04-24,3.42,3.36,3.43,3.36,975407.0,6.209,6.1,6.227,6.1,3.282,3.225,3.292,3.225
2017-04-25,3.37,3.36,3.38,3.33,872967.0,6.118,6.1,6.136,6.045,3.234,3.225,3.244,3.196
2017-04-26,3.35,3.35,3.36,3.34,630320.0,6.082,6.082,6.1,6.063,3.215,3.215,3.225,3.205
2017-04-27,3.35,3.35,3.36,3.28,840423.0,6.082,6.082,6.1,5.954,3.215,3.215,3.225,3.148
2017-04-28,3.34,3.38,3.39,3.33,614279.0,6.063,6.136,6.154,6.045,3.205,3.244,3.253,3.196
2017-05-02,3.36,3.37,3.38,3.33,743376.0,6.1,6.118,6.136,6.045,3.225,3.234,3.244,3.196
2017-05-03,3.35,3.36,3.37,3.33,552694.0,6.082,6.1,6.118,6.045,3.215,3.225,3.234,3.196
2017-05-04,3.33,3.33,3.35,3.31,617215.0,6.045,6.045,6.082,6.009,3.196,3.196,3.215,3.177
2017-05-05,3.3,3.3,3.32,3.25,1152370.0,5.991,5.991,6.027,5.9,3.167,3.167,3.186,3.119
2017-05-08,3.28,3.29,3.3,3.25,727564.0,5.954,5.973,5.991,5.9,3.148,3.157,3.167,3.119
2017-05-09,3.27,3.27,3.28,3.24,526884.0,5.936,5.936,5.954,5.882,3.138,3.138,3.148,3.109
2017-05-10,3.26,3.23,3.28,3.22,574277.0,5.918,5.864,5.954,5.846,3.129,3.1,3.148,3.09
2017-05-11,3.22,3.2,3.22,3.14,838533.0,5.846,5.809,5.846,5.7,3.09,3.071,3.09,3.013
2017-05-12,3.19,3.2,3.21,3.17,582777.0,5.791,5.809,5.827,5.755,3.061,3.071,3.081,3.042
2017-05-15,3.19,3.21,3.24,3.18,521004.0,5.791,5.827,5.882,5.773,3.061,3.081,3.109,3.052
2017-05-16,3.21,3.25,3.25,3.18,580079.0,5.827,5.9,5.9,5.773,3.081,3.119,3.119,3.052
2017-05-17,3.25,3.24,3.27,3.24,529949.0,5.9,5.882,5.936,5.882,3.119,3.109,3.138,3.109
2017-05-18,3.29,3.27,3.32,3.26,832885.0,5.973,5.936,6.027,5.918,3.157,3.138,3.186,3.129
2017-05-19,3.23,3.24,3.25,3.22,483235.0,5.864,5.882,5.9,5.846,3.1,3.109,3.119,3.09
2017-05-22,3.25,3.23,3.26,3.2,385301.0,5.9,5.864,5.918,5.809,3.119,3.1,3.129,3.071
2017-05-23,3.23,3.27,3.27,3.16,768998.0,5.864,5.936,5.936,5.737,3.1,3.138,3.138,3.033
2017-05-24,3.23,3.25,3.26,3.19,407070.0,5.864,5.9,5.918,5.791,3.1,3.119,3.129,3.061
2017-05-25,3.25,3.27,3.29,3.23,558865.0,5.9,5.936,5.973,5.864,3.119,3.138,3.157,3.1
2017-05-26,3.27,3.28,3.29,3.25,413735.0,5.936,5.954,5.973,5.9,3.138,3.148,3.157,3.119
2017-05-31,3.28,3.28,3.3,3.27,470924.0,5.954,5.954,5.991,5.936,3.148,3.148,3.167,3.138
2017-06-01,3.27,3.27,3.28,3.22,688170.0,5.936,5.936,5.954,5.846,3.138,3.138,3.148,3.09
2017-06-02,3.25,3.26,3.26,3.23,371023.0,5.9,5.918,5.918,5.864,3.119,3.129,3.129,3.1
2017-06-05,3.28,3.28,3.3,3.27,680723.0,5.954,5.954,5.991,5.936,3.148,3.148,3.167,3.138
2017-06-06,3.27,3.3,3.31,3.26,623338.0,5.936,5.991,6.009,5.918,3.138,3.167,3.177,3.129
2017-06-07,3.3,3.32,3.33,3.3,629597.0,5.991,6.027,6.045,5.991,3.167,3.186,3.196,3.167
2017-06-08,3.31,3.29,3.32,3.28,428448.0,6.009,5.973,6.027,5.954,3.177,3.157,3.186,3.148
2017-06-09,3.28,3.3,3.31,3.27,482235.0,5.954,5.991,6.009,5.936,3.148,3.167,3.177,3.138
2017-06-12,3.28,3.25,3.29,3.24,718040.0,5.954,5.9,5.973,5.882,3.148,3.119,3.157,3.109
2017-06-13,3.24,3.31,3.33,3.23,1109699.0,5.882,6.009,6.045,5.864,3.109,3.177,3.196,3.1
2017-06-14,3.31,3.31,3.33,3.3,732252.0,6.009,6.009,6.045,5.991,3.177,3.177,3.196,3.167
2017-06-15,3.31,3.35,3.35,3.3,820038.0,6.009,6.082,6.082,5.991,3.177,3.215,3.215,3.167
2017-06-16,3.34,3.35,3.36,3.32,621511.0,6.063,6.082,6.1,6.027,3.205,3.215,3.225,3.186
2017-06-19,3.34,3.35,3.36,3.33,486457.0,6.063,6.082,6.1,6.045,3.205,3.215,3.225,3.196
2017-06-20,3.34,3.33,3.35,3.31,496981.0,6.063,6.045,6.082,6.009,3.205,3.196,3.215,3.177
2017-06-21,3.34,3.34,3.34,3.32,395781.0,6.063,6.063,6.063,6.027,3.205,3.205,3.205,3.186
2017-06-22,3.34,3.35,3.36,3.33,716788.0,6.063,6.082,6.1,6.045,3.205,3.215,3.225,3.196
2017-06-23,3.34,3.36,3.36,3.28,777494.0,6.063,6.1,6.1,5.954,3.205,3.225,3.225,3.148
2017-06-26,3.35,3.37,3.37,3.34,443623.0,6.082,6.118,6.118,6.063,3.215,3.234,3.234,3.205
2017-06-27,3.35,3.36,3.37,3.32,532933.0,6.082,6.1,6.118,6.027,3.215,3.225,3.234,3.186
2017-06-28,3.35,3.37,3.38,3.34,532361.0,6.082,6.118,6.136,6.063,3.215,3.234,3.244,3.205
2017-06-29,3.37,3.39,3.4,3.36,671220.0,6.118,6.154,6.172,6.1,3.234,3.253,3.263,3.225
2017-06-30,3.37,3.43,3.44,3.37,785963.0,6.118,6.227,6.245,6.118,3.234,3.292,3.301,3.234
2017-07-03,3.43,3.44,3.45,3.39,764182.0,6.227,6.245,6.263,6.154,3.292,3.301,3.311,3.253
2017-07-04,3.41,3.45,3.46,3.41,843828.0,6.19,6.263,6.281,6.19,3.273,3.311,3.321,3.273
2017-07-05,3.44,3.47,3.48,3.43,645755.0,6.245,6.299,6.318,6.227,3.301,3.33,3.34,3.292
2017-07-06,3.47,3.49,3.5,3.45,807257.0,6.299,6.336,6.354,6.263,3.33,3.349,3.359,3.311
2017-07-07,3.48,3.51,3.52,3.45,1208175.0,6.318,6.372,6.39,6.263,3.34,3.369,3.378,3.311
2017-07-10,3.49,3.54,3.55,3.49,1063509.0,6.336,6.426,6.445,6.336,3.349,3.397,3.407,3.349
2017-07-11,3.54,3.47,3.54,3.46,1014527.0,6.426,6.299,6.426,6.281,3.397,3.33,3.397,3.321
2017-07-12,3.47,3.47,3.5,3.45,622902.0,6.299,6.299,6.354,6.263,3.33,3.33,3.359,3.311
2017-07-13,3.47,3.55,3.64,3.46,1698043.0,6.299,6.445,6.608,6.281,3.33,3.407,3.493,3.321
2017-07-14,3.54,3.55,3.57,3.51,808883.0,6.426,6.445,6.481,6.372,3.397,3.407,3.426,3.369
2017-07-17,3.57,3.58,3.61,3.46,1700978.0,6.481,6.499,6.554,6.281,3.426,3.436,3.465,3.321
2017-07-18,3.55,3.6,3.61,3.54,1059489.0,6.445,6.535,6.554,6.426,3.407,3.455,3.465,3.397
2017-07-19,3.61,3.64,3.7,3.6,4124811.0,6.554,6.608,6.717,6.535,3.465,3.493,3.551,3.455
2017-07-20,3.63,3.59,3.65,3.59,1763368.0,6.59,6.517,6.626,6.517,3.484,3.445,3.503,3.445
2017-07-21,3.6,3.54,3.6,3.51,1903603.0,6.535,6.426,6.535,6.372,3.455,3.397,3.455,3.369
2017-07-24,3.54,3.56,3.57,3.53,1119368.0,6.426,6.463,6.481,6.408,3.397,3.417,3.426,3.388
2017-07-25,3.56,3.56,3.56,3.51,834290.0,6.463,6.463,6.463,6.372,3.417,3.417,3.417,3.369
2017-07-26,3.61,3.67,3.7,3.61,3345049.0,6.554,6.662,6.717,6.554,3.465,3.522,3.551,3.465
2017-07-27,3.67,3.66,3.71,3.62,1857633.0,6.662,6.644,6.735,6.572,3.522,3.513,3.561,3.474
2017-07-28,3.65,3.65,3.66,3.62,733530.0,6.626,6.626,6.644,6.572,3.503,3.503,3.513,3.474
2017-07-31,3.66,3.73,3.75,3.65,2542153.0,6.644,6.771,6.808,6.626,3.513,3.58,3.599,3.503
2017-08-01,3.73,3.76,3.8,3.71,1908825.0,6.771,6.826,6.898,6.735,3.58,3.609,3.647,3.561
2017-08-02,3.74,3.74,3.8,3.7,1746316.0,6.79,6.79,6.898,6.717,3.589,3.589,3.647,3.551
2017-08-03,3.72,3.76,3.78,3.71,1309410.0,6.753,6.826,6.862,6.735,3.57,3.609,3.628,3.561
2017-08-04,3.72,3.79,3.85,3.7,2857117.0,6.863,6.992,7.102,6.826,3.628,3.696,3.755,3.609
2017-08-07,3.75,3.75,3.78,3.7,1895601.0,6.918,6.918,6.973,6.826,3.657,3.657,3.687,3.609
2017-08-08,3.75,3.9,3.98,3.75,3468855.0,6.918,7.195,7.342,6.918,3.657,3.804,3.882,3.657
2017-08-09,3.96,4.06,4.06,3.9,3887596.0,7.305,7.49,7.49,7.195,3.862,3.96,3.96,3.804
2017-08-10,4.1,4.04,4.13,3.94,3348236.0,7.564,7.453,7.619,7.268,3.999,3.94,4.028,3.843
2017-08-11,4.03,3.88,4.13,3.85,3962948.0,7.434,7.158,7.619,7.102,3.931,3.784,4.028,3.755
2017-08-14,3.86,3.79,3.9,3.76,3060032.0,7.121,6.992,7.195,6.936,3.765,3.696,3.804,3.667
2017-08-15,3.76,3.73,3.76,3.68,2082198.0,6.936,6.881,6.936,6.789,3.667,3.638,3.667,3.589
2017-08-16,3.71,3.66,3.72,3.64,1761595.0,6.844,6.752,6.863,6.715,3.618,3.57,3.628,3.55
2017-08-17,3.77,3.82,3.83,3.74,2982673.0,6.955,7.047,7.066,6.9,3.677,3.726,3.735,3.648
2017-08-18,3.77,3.76,3.78,3.69,1336472.0,6.955,6.936,6.973,6.807,3.677,3.667,3.687,3.599
2017-08-21,3.77,3.78,3.78,3.71,1223194.0,6.955,6.973,6.973,6.844,3.677,3.687,3.687,3.618
2017-08-22,3.77,3.75,3.79,3.73,1020403.0,6.955,6.918,6.992,6.881,3.677,3.657,3.696,3.638
2017-08-23,3.73,3.67,3.73,3.66,1278740.0,6.881,6.77,6.881,6.752,3.638,3.579,3.638,3.57
2017-08-24,3.67,3.64,3.7,3.63,707977.0,6.77,6.715,6.826,6.697,3.579,3.55,3.609,3.54
2017-08-25,3.65,3.7,3.72,3.64,1141217.0,6.733,6.826,6.863,6.715,3.56,3.609,3.628,3.55
2017-08-28,3.71,3.74,3.76,3.67,2063501.0,6.844,6.9,6.936,6.77,3.618,3.648,3.667,3.579
2017-08-29,3.78,3.79,3.82,3.76,2233689.0,6.973,6.992,7.047,6.936,3.687,3.696,3.726,3.667
2017-08-30,3.77,3.77,3.82,3.74,1989679.0,6.955,6.955,7.047,6.9,3.677,3.677,3.726,3.648
2017-08-31,3.76,3.75,3.77,3.71,1176386.0,6.936,6.918,6.955,6.844,3.667,3.657,3.677,3.618
2017-09-01,3.77,4.04,4.09,3.77,5217841.0,6.955,7.453,7.545,6.955,3.677,3.94,3.989,3.677
2017-09-04,4.2,4.3,4.32,4.08,5780018.0,7.748,7.933,7.969,7.527,4.096,4.194,4.213,3.979
2017-09-05,4.24,4.27,4.32,4.16,3483377.0,7.822,7.877,7.969,7.674,4.135,4.165,4.213,4.057
2017-09-06,4.28,4.38,4.46,4.22,4630992.0,7.896,8.08,8.228,7.785,4.174,4.272,4.35,4.116
2017-09-07,4.29,4.17,4.34,4.15,2582370.0,7.914,7.693,8.006,7.656,4.184,4.067,4.233,4.048
2017-09-08,4.22,4.29,4.37,4.18,3365672.0,7.785,7.914,8.062,7.711,4.116,4.184,4.262,4.077
2017-09-11,4.18,4.16,4.2,4.06,4359503.0,7.711,7.674,7.748,7.49,4.077,4.057,4.096,3.96
2017-09-12,4.11,4.14,4.19,4.08,3062466.0,7.582,7.637,7.73,7.527,4.009,4.038,4.087,3.979
2017-09-13,4.11,4.05,4.13,4.03,2334600.0,7.582,7.471,7.619,7.434,4.009,3.95,4.028,3.931
2017-09-14,4.01,4.01,4.05,3.98,2127752.0,7.398,7.398,7.471,7.342,3.911,3.911,3.95,3.882
2017-09-15,4.04,4.01,4.07,3.99,1833566.0,7.453,7.398,7.508,7.361,3.94,3.911,3.97,3.891
2017-09-18,3.97,3.95,3.98,3.9,1924241.0,7.324,7.287,7.342,7.195,3.872,3.852,3.882,3.804
2017-09-19,3.96,3.99,4.0,3.93,1730068.0,7.305,7.361,7.379,7.25,3.862,3.891,3.901,3.833
2017-09-20,3.99,4.05,4.07,3.95,2189794.0,7.361,7.471,7.508,7.287,3.891,3.95,3.97,3.852
2017-09-21,4.0,3.9,4.02,3.89,2428119.0,7.379,7.195,7.416,7.176,3.901,3.804,3.921,3.794
2017-09-22,3.86,3.92,3.93,3.81,2367613.0,7.121,7.232,7.25,7.029,3.765,3.823,3.833,3.716
2017-09-25,3.9,3.91,3.92,3.85,1421633.0,7.195,7.213,7.232,7.102,3.804,3.813,3.823,3.755
2017-09-26,3.93,3.93,3.95,3.9,906039.0,7.25,7.25,7.287,7.195,3.833,3.833,3.852,3.804
2017-09-27,3.88,3.91,3.92,3.87,856864.0,7.158,7.213,7.232,7.139,3.784,3.813,3.823,3.774
2017-09-28,3.88,3.87,3.9,3.83,1398633.0,7.158,7.139,7.195,7.066,3.784,3.774,3.804,3.735
2017-09-29,3.87,3.87,3.9,3.83,1483530.0,7.139,7.139,7.195,7.066,3.774,3.774,3.804,3.735
2017-10-09,3.89,3.9,3.95,3.87,1776525.0,7.176,7.195,7.287,7.139,3.794,3.804,3.852,3.774
2017-10-10,3.91,3.9,3.92,3.86,1060081.0,7.213,7.195,7.232,7.121,3.813,3.804,3.823,3.765
2017-10-11,3.9,3.87,3.91,3.85,967350.0,7.195,7.139,7.213,7.102,3.804,3.774,3.813,3.755
2017-10-12,3.87,3.87,3.88,3.83,1078102.0,7.139,7.139,7.158,7.066,3.774,3.774,3.784,3.735
2017-10-13,3.86,3.9,3.91,3.86,992485.0,7.121,7.195,7.213,7.121,3.765,3.804,3.813,3.765
2017-10-16,3.91,4.01,4.03,3.88,3109890.0,7.213,7.398,7.434,7.158,3.813,3.911,3.931,3.784
2017-10-17,3.98,3.91,3.99,3.9,1821184.0,7.342,7.213,7.361,7.195,3.882,3.813,3.891,3.804
2017-10-18,3.9,3.93,3.94,3.87,1556943.0,7.195,7.25,7.268,7.139,3.804,3.833,3.843,3.774
2017-10-19,3.89,3.94,3.95,3.83,1599748.0,7.176,7.268,7.287,7.066,3.794,3.843,3.852,3.735
2017-10-20,3.91,3.94,3.98,3.89,1026842.0,7.213,7.268,7.342,7.176,3.813,3.843,3.882,3.794
2017-10-23,3.91,3.9,3.94,3.89,727085.0,7.213,7.195,7.268,7.176,3.813,3.804,3.843,3.794
2017-10-24,3.89,3.96,3.96,3.89,1391592.0,7.176,7.305,7.305,7.176,3.794,3.862,3.862,3.794
2017-10-25,3.93,3.97,4.0,3.92,1375575.0,7.25,7.324,7.379,7.232,3.833,3.872,3.901,3.823
2017-10-26,3.98,3.87,3.99,3.84,3558553.0,7.342,7.139,7.361,7.084,3.882,3.774,3.891,3.745
2017-10-27,3.85,3.72,3.86,3.7,3477769.0,7.102,6.863,7.121,6.826,3.755,3.628,3.765,3.609
2017-10-30,3.73,3.7,3.74,3.59,2159117.0,6.881,6.826,6.9,6.623,3.638,3.609,3.648,3.501
2017-10-31,3.67,3.69,3.7,3.66,763740.0,6.77,6.807,6.826,6.752,3.579,3.599,3.609,3.57
2017-11-01,3.69,3.68,3.72,3.66,1020504.0,6.807,6.789,6.863,6.752,3.599,3.589,3.628,3.57
2017-11-02,3.69,3.7,3.72,3.67,919435.0,6.807,6.826,6.863,6.77,3.599,3.609,3.628,3.579
2017-11-03,3.69,3.7,3.71,3.59,1733951.0,6.807,6.826,6.844,6.623,3.599,3.609,3.618,3.501
2017-11-06,3.66,3.68,3.68,3.64,777749.0,6.752,6.789,6.789,6.715,3.57,3.589,3.589,3.55
2017-11-07,3.69,3.73,3.78,3.68,1661340.0,6.807,6.881,6.973,6.789,3.599,3.638,3.687,3.589
2017-11-08,3.71,3.72,3.74,3.7,1002701.0,6.844,6.863,6.9,6.826,3.618,3.628,3.648,3.609
2017-11-09,3.72,3.73,3.74,3.71,757386.0,6.863,6.881,6.9,6.844,3.628,3.638,3.648,3.618
2017-11-10,3.73,3.7,3.75,3.69,751859.0,6.881,6.826,6.918,6.807,3.638,3.609,3.657,3.599
2017-11-13,3.68,3.67,3.7,3.65,1018460.0,6.789,6.77,6.826,6.733,3.589,3.579,3.609,3.56
2017-11-14,3.66,3.65,3.69,3.64,768484.0,6.752,6.733,6.807,6.715,3.57,3.56,3.599,3.55
2017-11-15,3.63,3.66,3.67,3.61,1063988.0,6.697,6.752,6.77,6.66,3.54,3.57,3.579,3.521
2017-11-16,3.64,3.6,3.64,3.6,871458.0,6.715,6.641,6.715,6.641,3.55,3.511,3.55,3.511
2017-11-17,3.59,3.69,3.7,3.58,1868467.0,6.623,6.807,6.826,6.604,3.501,3.599,3.609,3.492
2017-11-20,3.69,3.71,3.73,3.66,1093153.0,6.807,6.844,6.881,6.752,3.599,3.618,3.638,3.57
2017-11-21,3.68,3.68,3.69,3.66,696304.0,6.789,6.789,6.807,6.752,3.589,3.589,3.599,3.57
2017-11-22,3.68,3.73,3.74,3.67,1030819.0,6.789,6.881,6.9,6.77,3.589,3.638,3.648,3.579
2017-11-23,3.75,3.79,3.88,3.75,2928122.0,6.918,6.992,7.158,6.918,3.657,3.696,3.784,3.657
2017-11-24,3.76,3.83,3.83,3.7,1776399.0,6.936,7.066,7.066,6.826,3.667,3.735,3.735,3.609
2017-11-27,3.82,3.84,3.89,3.78,1964405.0,7.047,7.084,7.176,6.973,3.726,3.745,3.794,3.687
2017-11-28,3.83,3.84,3.86,3.75,1475553.0,7.066,7.084,7.121,6.918,3.735,3.745,3.765,3.657
2017-11-29,3.8,3.95,3.98,3.79,3540854.0,7.01,7.287,7.342,6.992,3.706,3.852,3.882,3.696
2017-11-30,3.93,3.95,3.99,3.89,1976534.0,7.25,7.287,7.361,7.176,3.833,3.852,3.891,3.794
2017-12-01,3.92,3.94,3.95,3.85,1419841.0,7.232,7.268,7.287,7.102,3.823,3.843,3.852,3.755
2017-12-04,3.9,3.94,3.98,3.9,1437161.0,7.195,7.268,7.342,7.195,3.804,3.843,3.882,3.804
2017-12-05,3.94,4.01,4.03,3.91,3875572.0,7.268,7.398,7.434,7.213,3.843,3.911,3.931,3.813
2017-12-06,3.95,3.9,3.95,3.85,2216858.0,7.287,7.195,7.287,7.102,3.852,3.804,3.852,3.755
2017-12-07,3.88,3.9,3.94,3.86,1227673.0,7.158,7.195,7.268,7.121,3.784,3.804,3.843,3.765
2017-12-08,3.85,3.86,3.88,3.82,1234429.0,7.102,7.121,7.158,7.047,3.755,3.765,3.784,3.726
2017-12-11,3.85,3.87,3.87,3.82,787794.0,7.102,7.139,7.139,7.047,3.755,3.774,3.774,3.726
2017-12-12,3.86,3.85,3.9,3.84,802842.0,7.121,7.102,7.195,7.084,3.765,3.755,3.804,3.745
2017-12-13,3.84,3.88,3.88,3.78,1234195.0,7.084,7.158,7.158,6.973,3.745,3.784,3.784,3.687
2017-12-14,3.89,3.93,3.99,3.88,1723027.0,7.176,7.25,7.361,7.158,3.794,3.833,3.891,3.784
2017-12-15,3.93,3.98,3.98,3.92,1601808.0,7.25,7.342,7.342,7.232,3.833,3.882,3.882,3.823
2017-12-18,3.98,3.99,3.99,3.94,1300372.0,7.342,7.361,7.361,7.268,3.882,3.891,3.891,3.843
2017-12-19,3.99,3.99,4.02,3.96,1109231.0,7.361,7.361,7.416,7.305,3.891,3.891,3.921,3.862
2017-12-20,3.98,3.99,4.01,3.91,1381656.0,7.342,7.361,7.398,7.213,3.882,3.891,3.911,3.813
2017-12-21,4.0,4.05,4.07,3.97,1897351.0,7.379,7.471,7.508,7.324,3.901,3.95,3.97,3.872
2017-12-22,4.04,4.16,4.24,4.03,3020811.0,7.453,7.674,7.822,7.434,3.94,4.057,4.135,3.931
2017-12-25,4.2,4.18,4.23,4.11,1855499.0,7.748,7.711,7.803,7.582,4.096,4.077,4.126,4.009
2017-12-26,4.16,4.18,4.22,4.13,1819127.0,7.674,7.711,7.785,7.619,4.057,4.077,4.116,4.028
2017-12-27,4.22,4.26,4.38,4.22,3410535.0,7.785,7.859,8.08,7.785,4.116,4.155,4.272,4.116
2017-12-28,4.25,4.69,4.69,4.24,9328026.0,7.84,8.652,8.652,7.822,4.145,4.574,4.574,4.135
2017-12-29,4.69,4.59,4.72,4.53,4930221.0,8.652,8.468,8.707,8.357,4.574,4.477,4.603,4.418
2018-01-02,4.66,4.61,4.78,4.48,9049692.0,8.597,8.504,8.818,8.265,4.545,4.496,4.662,4.369
2018-01-03,4.61,4.63,4.78,4.55,8005869.0,8.504,8.541,8.818,8.394,4.496,4.516,4.662,4.438
2018-01-04,4.56,4.69,4.75,4.5,7456906.0,8.412,8.652,8.763,8.302,4.447,4.574,4.633,4.389
2018-01-05,4.7,4.63,4.85,4.61,7099894.0,8.67,8.541,8.947,8.504,4.584,4.516,4.73,4.496
2018-01-08,4.58,4.85,4.9,4.55,7508152.0,8.449,8.947,9.039,8.394,4.467,4.73,4.779,4.438
2018-01-09,4.83,4.81,4.96,4.75,5555804.0,8.91,8.873,9.15,8.763,4.711,4.691,4.838,4.633
2018-01-10,4.78,4.82,4.92,4.76,4099911.0,8.818,8.892,9.076,8.781,4.662,4.701,4.799,4.642
2018-01-11,4.82,4.72,4.89,4.68,3665016.0,8.892,8.707,9.021,8.634,4.701,4.603,4.769,4.564
2018-01-12,4.7,4.64,4.71,4.6,3658569.0,8.67,8.56,8.689,8.486,4.584,4.525,4.594,4.486
2018-01-15,4.69,4.71,4.78,4.6,4214657.0,8.652,8.689,8.818,8.486,4.574,4.594,4.662,4.486
2018-01-16,4.71,4.7,4.73,4.62,3119444.0,8.689,8.67,8.726,8.523,4.594,4.584,4.613,4.506
2018-01-17,4.63,4.46,4.63,4.45,4449167.0,8.541,8.228,8.541,8.209,4.516,4.35,4.516,4.34
2018-01-18,4.42,4.48,4.52,4.4,2485754.0,8.154,8.265,8.338,8.117,4.311,4.369,4.408,4.291
2018-01-19,4.48,4.51,4.52,4.4,3175155.0,8.265,8.32,8.338,8.117,4.369,4.399,4.408,4.291
2018-01-22,4.48,4.56,4.57,4.45,2808034.0,8.265,8.412,8.431,8.209,4.369,4.447,4.457,4.34
2018-01-23,4.57,4.61,4.63,4.49,3024811.0,8.431,8.504,8.541,8.283,4.457,4.496,4.516,4.379
2018-01-24,4.55,4.52,4.55,4.42,3987787.0,8.394,8.338,8.394,8.154,4.438,4.408,4.438,4.311
2018-01-25,4.75,4.9,4.96,4.69,8766092.0,8.763,9.039,9.15,8.652,4.633,4.779,4.838,4.574
2018-01-26,4.81,4.88,4.9,4.78,4173277.0,8.873,9.003,9.039,8.818,4.691,4.76,4.779,4.662
2018-01-29,4.88,5.04,5.12,4.87,6624335.0,9.003,9.298,9.445,8.984,4.76,4.916,4.994,4.75
2018-01-30,4.98,4.94,5.12,4.9,4505419.0,9.187,9.113,9.445,9.039,4.857,4.818,4.994,4.779
2018-01-31,4.87,5.13,5.15,4.82,5112926.0,8.984,9.464,9.501,8.892,4.75,5.003,5.023,4.701
2018-02-01,5.13,5.08,5.23,5.01,5773003.0,9.464,9.372,9.648,9.242,5.003,4.955,5.101,4.886
2018-02-02,5.02,5.38,5.5,4.83,5953925.0,9.261,9.925,10.146,8.91,4.896,5.247,5.364,4.711
2018-02-05,5.21,5.41,5.53,5.18,5865411.0,9.611,9.98,10.202,9.556,5.081,5.276,5.393,5.052
2018-02-06,5.3,5.3,5.55,5.1,7221801.0,9.777,9.777,10.239,9.408,5.169,5.169,5.413,4.974
2018-02-07,5.39,5.12,5.43,4.98,6112642.0,9.943,9.445,10.017,9.187,5.257,4.994,5.296,4.857
2018-02-08,4.89,4.69,4.95,4.61,5770492.0,9.021,8.652,9.132,8.504,4.769,4.574,4.828,4.496
2018-02-09,4.46,4.37,4.55,4.22,6494343.0,8.228,8.062,8.394,7.785,4.35,4.262,4.438,4.116
2018-02-12,4.34,4.39,4.45,4.16,3366282.0,8.006,8.099,8.209,7.674,4.233,4.282,4.34,4.057
2018-02-13,4.45,4.42,4.51,4.35,3282701.0,8.209,8.154,8.32,8.025,4.34,4.311,4.399,4.243
2018-02-14,4.53,4.59,4.62,4.44,3253664.0,8.357,8.468,8.523,8.191,4.418,4.477,4.506,4.33
2018-02-22,4.65,4.77,4.82,4.58,3199937.0,8.578,8.8,8.892,8.449,4.535,4.652,4.701,4.467
2018-02-23,4.83,4.82,4.88,4.68,2605419.0,8.91,8.892,9.003,8.634,4.711,4.701,4.76,4.564
2018-02-26,4.85,4.89,4.95,4.72,3385131.0,8.947,9.021,9.132,8.707,4.73,4.769,4.828,4.603
2018-02-27,4.88,4.7,4.88,4.66,3688114.0,9.003,8.67,9.003,8.597,4.76,4.584,4.76,4.545
2018-02-28,4.57,4.6,4.71,4.51,2799896.0,8.431,8.486,8.689,8.32,4.457,4.486,4.594,4.399
2018-03-01,4.55,4.68,4.69,4.52,2516008.0,8.394,8.634,8.652,8.338,4.438,4.564,4.574,4.408
2018-03-02,4.6,4.61,4.68,4.55,1701692.0,8.486,8.504,8.634,8.394,4.486,4.496,4.564,4.438
2018-03-05,4.62,4.61,4.65,4.56,1784648.0,8.523,8.504,8.578,8.412,4.506,4.496,4.535,4.447
2018-03-06,4.62,4.59,4.65,4.44,3999755.0,8.523,8.468,8.578,8.191,4.506,4.477,4.535,4.33
2018-03-07,4.62,4.54,4.65,4.49,2288423.0,8.523,8.375,8.578,8.283,4.506,4.428,4.535,4.379
2018-03-08,4.62,4.82,4.94,4.62,6351666.0,8.523,8.892,9.113,8.523,4.506,4.701,4.818,4.506
2018-03-09,4.78,4.77,4.8,4.7,3410027.0,8.818,8.8,8.855,8.67,4.662,4.652,4.681,4.584
2018-03-12,4.83,4.81,4.89,4.74,4130338.0,8.91,8.873,9.021,8.744,4.711,4.691,4.769,4.623
2018-03-13,4.76,4.77,4.83,4.73,2262926.0,8.781,8.8,8.91,8.726,4.642,4.652,4.711,4.613
2018-03-14,4.75,4.88,4.91,4.74,3723022.0,8.763,9.003,9.058,8.744,4.633,4.76,4.789,4.623
2018-03-15,4.86,4.84,4.94,4.79,2825433.0,8.966,8.929,9.113,8.837,4.74,4.721,4.818,4.672
2018-03-16,4.8,4.72,4.82,4.72,2254193.0,8.855,8.707,8.892,8.707,4.681,4.603,4.701,4.603
2018-03-19,4.66,4.58,4.66,4.54,2611327.0,8.597,8.449,8.597,8.375,4.545,4.467,4.545,4.428
2018-03-20,4.54,4.57,4.58,4.51,1701236.0,8.375,8.431,8.449,8.32,4.428,4.457,4.467,4.399
2018-03-21,4.55,4.62,4.65,4.52,2136581.0,8.394,8.523,8.578,8.338,4.438,4.506,4.535,4.408
2018-03-22,4.65,4.57,4.68,4.51,2094546.0,8.578,8.431,8.634,8.32,4.535,4.457,4.564,4.399
2018-03-23,4.41,4.54,4.59,4.31,5194864.0,8.136,8.375,8.468,7.951,4.301,4.428,4.477,4.204
2018-03-26,4.56,4.52,4.68,4.47,3169028.0,8.412,8.338,8.634,8.246,4.447,4.408,4.564,4.36
2018-03-27,4.55,4.61,4.64,4.48,2958669.0,8.394,8.504,8.56,8.265,4.438,4.496,4.525,4.369
2018-03-28,4.52,4.49,4.58,4.45,2175631.0,8.338,8.283,8.449,8.209,4.408,4.379,4.467,4.34
2018-03-29,4.46,4.4,4.48,4.32,2982779.0,8.228,8.117,8.265,7.969,4.35,4.291,4.369,4.213
2018-03-30,4.42,4.35,4.43,4.32,2708155.0,8.154,8.025,8.172,7.969,4.311,4.243,4.321,4.213
2018-04-02,4.33,4.42,4.43,4.33,2916331.0,7.988,8.154,8.172,7.988,4.223,4.311,4.321,4.223
2018-04-03,4.4,4.34,4.46,4.33,2440839.0,8.117,8.006,8.228,7.988,4.291,4.233,4.35,4.223
2018-04-04,4.32,4.35,4.4,4.31,2041732.0,7.969,8.025,8.117,7.951,4.213,4.243,4.291,4.204
2018-04-09,4.34,4.28,4.36,4.28,2019189.0,8.006,7.896,8.043,7.896,4.233,4.174,4.252,4.174
2018-04-10,4.29,4.39,4.4,4.28,2425765.0,7.914,8.099,8.117,7.896,4.184,4.282,4.291,4.174
2018-04-11,4.45,4.52,4.54,4.4,3516988.0,8.209,8.338,8.375,8.117,4.34,4.408,4.428,4.291
2018-04-12,4.5,4.47,4.55,4.45,2522020.0,8.302,8.246,8.394,8.209,4.389,4.36,4.438,4.34
2018-04-13,4.4,4.37,4.43,4.36,1874503.0,8.117,8.062,8.172,8.043,4.291,4.262,4.321,4.252
2018-04-16,4.41,4.33,4.42,4.3,1788873.0,8.136,7.988,8.154,7.933,4.301,4.223,4.311,4.194
2018-04-17,4.36,4.21,4.36,4.17,2182571.0,8.043,7.767,8.043,7.693,4.252,4.106,4.252,4.067
2018-04-18,4.24,4.14,4.25,4.06,2123659.0,7.822,7.637,7.84,7.49,4.135,4.038,4.145,3.96
2018-04-19,4.2,4.27,4.3,4.2,1995158.0,7.748,7.877,7.933,7.748,4.096,4.165,4.194,4.096
2018-04-20,4.21,4.21,4.24,4.1,1783994.0,7.767,7.767,7.822,7.564,4.106,4.106,4.135,3.999
2018-04-23,4.16,4.12,4.18,4.1,1113121.0,7.674,7.601,7.711,7.564,4.057,4.018,4.077,3.999
2018-04-24,4.09,4.15,4.18,4.08,1235232.0,7.545,7.656,7.711,7.527,3.989,4.048,4.077,3.979
2018-04-25,4.12,4.14,4.17,4.09,1145192.0,7.601,7.637,7.693,7.545,4.018,4.038,4.067,3.989
2018-04-26,4.12,4.12,4.16,4.06,1280554.0,7.601,7.601,7.674,7.49,4.018,4.018,4.057,3.96
2018-04-27,4.12,4.12,4.14,4.05,1175123.0,7.601,7.601,7.637,7.471,4.018,4.018,4.038,3.95
2018-05-02,4.08,3.99,4.1,3.98,1360971.0,7.527,7.361,7.564,7.342,3.979,3.891,3.999,3.882
2018-05-03,3.99,3.96,4.01,3.88,1441321.0,7.361,7.305,7.398,7.158,3.891,3.862,3.911,3.784
2018-05-04,3.95,3.96,3.99,3.93,864440.0,7.287,7.305,7.361,7.25,3.852,3.862,3.891,3.833
2018-05-07,3.95,3.99,4.0,3.93,1052862.0,7.287,7.361,7.379,7.25,3.852,3.891,3.901,3.833
2018-05-08,3.98,4.08,4.1,3.97,1604793.0,7.342,7.527,7.564,7.324,3.882,3.979,3.999,3.872
2018-05-09,4.07,4.07,4.11,4.05,941219.0,7.508,7.508,7.582,7.471,3.97,3.97,4.009,3.95
2018-05-10,4.09,4.1,4.12,4.08,912035.0,7.545,7.564,7.601,7.527,3.989,3.999,4.018,3.979
2018-05-11,4.12,4.12,4.16,4.09,1167316.0,7.601,7.601,7.674,7.545,4.018,4.018,4.057,3.989
2018-05-14,4.12,4.1,4.13,4.07,865244.0,7.601,7.564,7.619,7.508,4.018,3.999,4.028,3.97
2018-05-15,4.1,4.06,4.11,3.99,1326188.0,7.564,7.49,7.582,7.361,3.999,3.96,4.009,3.891
2018-05-16,4.0,3.96,4.0,3.95,1271354.0,7.379,7.305,7.379,7.287,3.901,3.862,3.901,3.852
2018-05-17,3.96,3.92,3.97,3.9,1051650.0,7.305,7.232,7.324,7.195,3.862,3.823,3.872,3.804
2018-05-18,3.91,3.97,3.97,3.9,926074.0,7.213,7.324,7.324,7.195,3.813,3.872,3.872,3.804
2018-05-21,3.98,4.0,4.02,3.97,884361.0,7.342,7.379,7.416,7.324,3.882,3.901,3.921,3.872
2018-05-22,4.01,3.95,4.02,3.93,821826.0,7.398,7.287,7.416,7.25,3.911,3.852,3.921,3.833
2018-05-23,3.96,3.93,3.99,3.92,936069.0,7.305,7.25,7.361,7.232,3.862,3.833,3.891,3.823
2018-05-24,3.9,3.89,3.93,3.88,855911.0,7.195,7.176,7.25,7.158,3.804,3.794,3.833,3.784
2018-05-25,3.92,3.88,3.93,3.81,1214883.0,7.232,7.158,7.25,7.029,3.823,3.784,3.833,3.716
2018-05-28,3.85,3.81,3.86,3.77,998001.0,7.102,7.029,7.121,6.955,3.755,3.716,3.765,3.677
2018-05-29,3.79,3.82,3.83,3.76,982062.0,6.992,7.047,7.066,6.936,3.696,3.726,3.735,3.667
2018-05-30,3.79,3.84,3.88,3.76,1474892.0,6.992,7.084,7.158,6.936,3.696,3.745,3.784,3.667
2018-05-31,3.78,3.75,3.81,3.71,1709484.0,6.973,6.918,7.029,6.844,3.687,3.657,3.716,3.618
2018-06-01,3.74,3.68,3.74,3.66,1263842.0,6.9,6.789,6.9,6.752,3.648,3.589,3.648,3.57
2018-06-04,3.68,3.66,3.7,3.63,1066015.0,6.789,6.752,6.826,6.697,3.589,3.57,3.609,3.54
2018-06-05,3.65,3.72,3.73,3.65,1029808.0,6.733,6.863,6.881,6.733,3.56,3.628,3.638,3.56
2018-06-06,3.77,3.96,3.99,3.77,3482147.0,6.955,7.305,7.361,6.955,3.677,3.862,3.891,3.677
2018-06-07,4.03,3.96,4.09,3.93,2676087.0,7.434,7.305,7.545,7.25,3.931,3.862,3.989,3.833
2018-06-08,3.96,3.9,4.04,3.88,1938836.0,7.305,7.195,7.453,7.158,3.862,3.804,3.94,3.784
2018-06-11,3.92,4.02,4.04,3.92,1972549.0,7.232,7.416,7.453,7.232,3.823,3.921,3.94,3.823
2018-06-12,3.99,4.05,4.06,3.96,1651676.0,7.361,7.471,7.49,7.305,3.891,3.95,3.96,3.862
2018-06-13,4.0,4.0,4.01,3.96,1069746.0,7.379,7.379,7.398,7.305,3.901,3.901,3.911,3.862
2018-06-14,3.98,3.95,4.02,3.93,1052992.0,7.342,7.287,7.416,7.25,3.882,3.852,3.921,3.833
2018-06-15,3.93,3.96,3.98,3.75,1994866.0,7.25,7.305,7.342,6.918,3.833,3.862,3.882,3.657
2018-06-19,3.82,3.97,4.0,3.79,3637229.0,7.047,7.324,7.379,6.992,3.726,3.872,3.901,3.696
2018-06-20,3.91,3.85,3.92,3.78,1835785.0,7.213,7.102,7.232,6.973,3.813,3.755,3.823,3.687
2018-06-21,3.82,3.78,3.92,3.77,1197257.0,7.047,6.973,7.232,6.955,3.726,3.687,3.823,3.677
2018-06-22,3.76,3.8,3.82,3.71,732462.0,6.936,7.01,7.047,6.844,3.667,3.706,3.726,3.618
2018-06-25,3.85,3.73,3.85,3.72,815212.0,7.102,6.881,7.102,6.863,3.755,3.638,3.755,3.628
2018-06-26,3.67,3.66,3.68,3.6,1227998.0,6.77,6.752,6.789,6.641,3.579,3.57,3.589,3.511
2018-06-27,3.64,3.66,3.67,3.61,880456.0,6.715,6.752,6.77,6.66,3.55,3.57,3.579,3.521
2018-06-28,3.63,3.64,3.66,3.61,700006.0,6.697,6.715,6.752,6.66,3.54,3.55,3.57,3.521
2018-06-29,3.56,3.61,3.63,3.52,952404.0,6.734,6.829,6.867,6.659,3.56,3.61,3.63,3.52
2018-07-02,3.6,3.48,3.6,3.45,1080423.0,6.81,6.583,6.81,6.526,3.6,3.48,3.6,3.45
2018-07-03,3.45,3.47,3.47,3.4,984701.0,6.526,6.564,6.564,6.432,3.45,3.47,3.47,3.4
2018-07-04,3.47,3.56,3.59,3.46,1523508.0,6.564,6.734,6.791,6.545,3.47,3.56,3.59,3.46
2018-07-05,3.51,3.57,3.6,3.42,2339614.0,6.64,6.753,6.81,6.469,3.51,3.57,3.6,3.42
2018-07-06,3.52,3.53,3.56,3.48,1044956.0,6.659,6.678,6.734,6.583,3.52,3.53,3.56,3.48
2018-07-09,3.53,3.58,3.59,3.52,932136.0,6.678,6.772,6.791,6.659,3.53,3.58,3.59,3.52
2018-07-10,3.56,3.57,3.62,3.55,997122.0,6.734,6.753,6.848,6.715,3.56,3.57,3.62,3.55
2018-07-11,3.48,3.4,3.49,3.36,1727476.0,6.583,6.432,6.602,6.356,3.48,3.4,3.49,3.36
2018-07-12,3.37,3.45,3.46,3.36,1124188.0,6.375,6.526,6.545,6.356,3.37,3.45,3.46,3.36
2018-07-13,3.44,3.41,3.45,3.4,830515.0,6.507,6.451,6.526,6.432,3.44,3.41,3.45,3.4
2018-07-16,3.41,3.39,3.42,3.37,551704.0,6.451,6.413,6.469,6.375,3.41,3.39,3.42,3.37
2018-07-17,3.37,3.37,3.38,3.34,749827.0,6.375,6.375,6.394,6.318,3.37,3.37,3.38,3.34
2018-07-18,3.35,3.31,3.36,3.3,1109730.0,6.337,6.261,6.356,6.242,3.35,3.31,3.36,3.3
2018-07-19,3.32,3.27,3.33,3.26,802298.0,6.28,6.186,6.299,6.167,3.32,3.27,3.33,3.26
2018-07-20,3.25,3.28,3.29,3.21,1130839.0,6.148,6.205,6.224,6.072,3.25,3.28,3.29,3.21
2018-07-23,3.34,3.41,3.42,3.33,1970112.0,6.318,6.451,6.469,6.299,3.34,3.41,3.42,3.33
2018-07-24,3.39,3.57,3.6,3.38,2963225.0,6.413,6.753,6.81,6.394,3.39,3.57,3.6,3.38
2018-07-25,3.62,3.59,3.62,3.54,1691758.0,6.848,6.791,6.848,6.696,3.62,3.59,3.62,3.54
2018-07-26,3.59,3.56,3.62,3.52,1263545.0,6.791,6.734,6.848,6.659,3.59,3.56,3.62,3.52
2018-07-27,3.53,3.55,3.58,3.51,738586.0,6.678,6.715,6.772,6.64,3.53,3.55,3.58,3.51
2018-07-30,3.57,3.52,3.6,3.52,835099.0,6.753,6.659,6.81,6.659,3.57,3.52,3.6,3.52
2018-07-31,3.54,3.54,3.56,3.53,581531.0,6.696,6.696,6.734,6.678,3.54,3.54,3.56,3.53
2018-08-01,3.54,3.47,3.57,3.46,697002.0,6.696,6.564,6.753,6.545,3.54,3.47,3.57,3.46
2018-08-02,3.44,3.36,3.44,3.3,1281031.0,6.507,6.356,6.507,6.242,3.44,3.36,3.44,3.3
2018-08-03,3.33,3.3,3.35,3.29,779102.0,6.299,6.242,6.337,6.224,3.33,3.3,3.35,3.29
2018-08-06,3.3,3.28,3.35,3.25,885189.0,6.242,6.205,6.337,6.148,3.3,3.28,3.35,3.25
2018-08-07,3.28,3.39,3.41,3.22,1607522.0,6.205,6.413,6.451,6.091,3.28,3.39,3.41,3.22
2018-08-08,3.36,3.39,3.44,3.33,1411035.0,6.356,6.413,6.507,6.299,3.36,3.39,3.44,3.33
2018-08-09,3.36,3.46,3.48,3.35,1224943.0,6.356,6.545,6.583,6.337,3.36,3.46,3.48,3.35
2018-08-10,3.44,3.43,3.46,3.39,838955.0,6.507,6.488,6.545,6.413,3.44,3.43,3.46,3.39
2018-08-13,3.38,3.41,3.41,3.35,657285.0,6.394,6.451,6.451,6.337,3.38,3.41,3.41,3.35
2018-08-14,3.37,3.39,3.4,3.35,506378.0,6.375,6.413,6.432,6.337,3.37,3.39,3.4,3.35
2018-08-15,3.37,3.31,3.38,3.31,664317.0,6.375,6.261,6.394,6.261,3.37,3.31,3.38,3.31
2018-08-16,3.25,3.24,3.31,3.21,884962.0,6.148,6.129,6.261,6.072,3.25,3.24,3.31,3.21
2018-08-17,3.26,3.23,3.3,3.21,669706.0,6.167,6.11,6.242,6.072,3.26,3.23,3.3,3.21
2018-08-20,3.23,3.28,3.28,3.23,556599.0,6.11,6.205,6.205,6.11,3.23,3.28,3.28,3.23
2018-08-21,3.28,3.32,3.33,3.28,594734.0,6.205,6.28,6.299,6.205,3.28,3.32,3.33,3.28
2018-08-22,3.32,3.3,3.32,3.29,342210.0,6.28,6.242,6.28,6.224,3.32,3.3,3.32,3.29
2018-08-23,3.29,3.3,3.32,3.28,413099.0,6.224,6.242,6.28,6.205,3.29,3.3,3.32,3.28
2018-08-24,3.29,3.31,3.32,3.27,399820.0,6.224,6.261,6.28,6.186,3.29,3.31,3.32,3.27
2018-08-27,3.37,3.43,3.44,3.36,1292439.0,6.375,6.488,6.507,6.356,3.37,3.43,3.44,3.36
2018-08-28,3.45,3.43,3.46,3.41,899701.0,6.526,6.488,6.545,6.451,3.45,3.43,3.46,3.41
2018-08-29,3.42,3.43,3.47,3.41,903835.0,6.469,6.488,6.564,6.451,3.42,3.43,3.47,3.41
2018-08-30,3.43,3.39,3.47,3.38,714315.0,6.488,6.413,6.564,6.394,3.43,3.39,3.47,3.38
2018-08-31,3.4,3.4,3.43,3.36,689251.0,6.432,6.432,6.488,6.356,3.4,3.4,3.43,3.36
2018-09-03,3.4,3.37,3.4,3.34,578690.0,6.432,6.375,6.432,6.318,3.4,3.37,3.4,3.34
2018-09-04,3.37,3.4,3.43,3.37,614181.0,6.375,6.432,6.488,6.375,3.37,3.4,3.43,3.37
2018-09-05,3.38,3.37,3.42,3.36,581113.0,6.394,6.375,6.469,6.356,3.38,3.37,3.42,3.36
2018-09-06,3.41,3.39,3.46,3.38,1142599.0,6.451,6.413,6.545,6.394,3.41,3.39,3.46,3.38
2018-09-07,3.38,3.44,3.46,3.38,1014820.0,6.394,6.507,6.545,6.394,3.38,3.44,3.46,3.38
2018-09-10,3.44,3.35,3.45,3.35,803349.0,6.507,6.337,6.526,6.337,3.44,3.35,3.45,3.35
2018-09-11,3.35,3.33,3.36,3.29,712889.0,6.337,6.299,6.356,6.224,3.35,3.33,3.36,3.29
2018-09-12,3.32,3.32,3.35,3.29,480565.0,6.28,6.28,6.337,6.224,3.32,3.32,3.35,3.29
2018-09-13,3.37,3.4,3.41,3.35,755812.0,6.375,6.432,6.451,6.337,3.37,3.4,3.41,3.35
2018-09-14,3.39,3.45,3.47,3.38,1053381.0,6.413,6.526,6.564,6.394,3.39,3.45,3.47,3.38
2018-09-17,3.42,3.4,3.44,3.38,564361.0,6.469,6.432,6.507,6.394,3.42,3.4,3.44,3.38
2018-09-18,3.4,3.45,3.47,3.36,950417.0,6.432,6.526,6.564,6.356,3.4,3.45,3.47,3.36
2018-09-19,3.45,3.55,3.58,3.44,1784286.0,6.526,6.715,6.772,6.507,3.45,3.55,3.58,3.44
2018-09-20,3.54,3.53,3.58,3.52,1069613.0,6.696,6.678,6.772,6.659,3.54,3.53,3.58,3.52
2018-09-21,3.56,3.61,3.63,3.54,1457930.0,6.734,6.829,6.867,6.696,3.56,3.61,3.63,3.54
2018-09-25,3.61,3.6,3.67,3.57,1129694.0,6.829,6.81,6.942,6.753,3.61,3.6,3.67,3.57
2018-09-26,3.6,3.59,3.65,3.57,1154481.0,6.81,6.791,6.905,6.753,3.6,3.59,3.65,3.57
2018-09-27,3.61,3.55,3.62,3.55,941594.0,6.829,6.715,6.848,6.715,3.61,3.55,3.62,3.55
2018-09-28,3.52,3.57,3.58,3.51,873678.0,6.659,6.753,6.772,6.64,3.52,3.57,3.58,3.51
2018-10-08,3.51,3.47,3.57,3.45,1059331.0,6.64,6.564,6.753,6.526,3.51,3.47,3.57,3.45
2018-10-09,3.49,3.59,3.63,3.46,1521557.0,6.602,6.791,6.867,6.545,3.49,3.59,3.63,3.46
2018-10-10,3.63,3.69,3.73,3.6,2185980.0,6.867,6.98,7.056,6.81,3.63,3.69,3.73,3.6
2018-10-11,3.61,3.6,3.74,3.51,2335827.0,6.829,6.81,7.075,6.64,3.61,3.6,3.74,3.51
2018-10-12,3.69,3.65,3.73,3.6,2107413.0,6.98,6.905,7.056,6.81,3.69,3.65,3.73,3.6
2018-10-15,3.64,3.58,3.64,3.54,1469556.0,6.886,6.772,6.886,6.696,3.64,3.58,3.64,3.54
2018-10-16,3.57,3.34,3.59,3.28,2083465.0,6.753,6.318,6.791,6.205,3.57,3.34,3.59,3.28
2018-10-17,3.33,3.37,3.41,3.31,1072808.0,6.299,6.375,6.451,6.261,3.33,3.37,3.41,3.31
2018-10-18,3.34,3.29,3.35,3.25,1010017.0,6.318,6.224,6.337,6.148,3.34,3.29,3.35,3.25
2018-10-19,3.26,3.4,3.43,3.24,1293294.0,6.167,6.432,6.488,6.129,3.26,3.4,3.43,3.24
2018-10-22,3.42,3.5,3.55,3.41,1860479.0,6.469,6.621,6.715,6.451,3.42,3.5,3.55,3.41
2018-10-23,3.48,3.48,3.51,3.39,1430886.0,6.583,6.583,6.64,6.413,3.48,3.48,3.51,3.39
2018-10-24,3.45,3.51,3.55,3.44,1347413.0,6.526,6.64,6.715,6.507,3.45,3.51,3.55,3.44
2018-10-25,3.46,3.56,3.57,3.45,1714631.0,6.545,6.734,6.753,6.526,3.46,3.56,3.57,3.45
2018-10-26,3.52,3.55,3.59,3.51,1138657.0,6.659,6.715,6.791,6.64,3.52,3.55,3.59,3.51
2018-10-29,3.51,3.42,3.55,3.41,1348933.0,6.64,6.469,6.715,6.451,3.51,3.42,3.55,3.41
2018-10-30,3.39,3.41,3.44,3.35,959082.0,6.413,6.451,6.507,6.337,3.39,3.41,3.44,3.35
2018-10-31,3.41,3.42,3.44,3.36,987273.0,6.451,6.469,6.507,6.356,3.41,3.42,3.44,3.36
2018-11-01,3.42,3.5,3.52,3.39,1558055.0,6.469,6.621,6.659,6.413,3.42,3.5,3.52,3.39
2018-11-02,3.54,3.54,3.58,3.49,1872952.0,6.696,6.696,6.772,6.602,3.54,3.54,3.58,3.49
2018-11-05,3.53,3.55,3.58,3.52,1144729.0,6.678,6.715,6.772,6.659,3.53,3.55,3.58,3.52
2018-11-06,3.53,3.55,3.55,3.5,814640.0,6.678,6.715,6.715,6.621,3.53,3.55,3.55,3.5
2018-11-07,3.54,3.56,3.63,3.53,1343902.0,6.696,6.734,6.867,6.678,3.54,3.56,3.63,3.53
2018-11-08,3.54,3.48,3.55,3.47,973011.0,6.696,6.583,6.715,6.564,3.54,3.48,3.55,3.47
2018-11-09,3.45,3.42,3.49,3.4,788665.0,6.526,6.469,6.602,6.432,3.45,3.42,3.49,3.4
2018-11-12,3.39,3.44,3.44,3.37,1082779.0,6.413,6.507,6.507,6.375,3.39,3.44,3.44,3.37
2018-11-13,3.4,3.46,3.48,3.39,998135.0,6.432,6.545,6.583,6.413,3.4,3.46,3.48,3.39
2018-11-14,3.44,3.44,3.49,3.43,977168.0,6.507,6.507,6.602,6.488,3.44,3.44,3.49,3.43
2018-11-15,3.46,3.48,3.48,3.43,881727.0,6.545,6.583,6.583,6.488,3.46,3.48,3.48,3.43
2018-11-16,3.47,3.46,3.48,3.44,1044653.0,6.564,6.545,6.583,6.507,3.47,3.46,3.48,3.44
2018-11-19,3.47,3.47,3.48,3.45,1003148.0,6.564,6.564,6.583,6.526,3.47,3.47,3.48,3.45
2018-11-20,3.46,3.54,3.55,3.45,2126657.0,6.545,6.696,6.715,6.526,3.46,3.54,3.55,3.45
2018-11-21,3.52,3.53,3.54,3.48,1268908.0,6.659,6.678,6.696,6.583,3.52,3.53,3.54,3.48
2018-11-22,3.53,3.51,3.54,3.5,613508.0,6.678,6.64,6.696,6.621,3.53,3.51,3.54,3.5
2018-11-23,3.5,3.39,3.52,3.38,1273646.0,6.621,6.413,6.659,6.394,3.5,3.39,3.52,3.38
2018-11-26,3.37,3.34,3.4,3.32,881072.0,6.375,6.318,6.432,6.28,3.37,3.34,3.4,3.32
2018-11-27,3.34,3.34,3.37,3.32,563938.0,6.318,6.318,6.375,6.28,3.34,3.34,3.37,3.32
2018-11-28,3.33,3.34,3.34,3.29,998369.0,6.299,6.318,6.318,6.224,3.33,3.34,3.34,3.29
2018-11-29,3.38,3.38,3.45,3.37,1631902.0,6.394,6.394,6.526,6.375,3.38,3.38,3.45,3.37
2018-11-30,3.36,3.39,3.39,3.32,839900.0,6.356,6.413,6.413,6.28,3.36,3.39,3.39,3.32
2018-12-03,3.42,3.44,3.44,3.39,1126948.0,6.469,6.507,6.507,6.413,3.42,3.44,3.44,3.39
2018-12-04,3.43,3.44,3.44,3.4,1190890.0,6.488,6.507,6.507,6.432,3.43,3.44,3.44,3.4
2018-12-05,3.4,3.41,3.45,3.39,1438830.0,6.432,6.451,6.526,6.413,3.4,3.41,3.45,3.39
2018-12-06,3.42,3.4,3.45,3.39,972948.0,6.469,6.432,6.526,6.413,3.42,3.4,3.45,3.39
2018-12-07,3.39,3.4,3.42,3.38,500066.0,6.413,6.432,6.469,6.394,3.39,3.4,3.42,3.38
2018-12-10,3.44,3.46,3.49,3.43,1550089.0,6.507,6.545,6.602,6.488,3.44,3.46,3.49,3.43
2018-12-11,3.43,3.48,3.49,3.43,961026.0,6.488,6.583,6.602,6.488,3.43,3.48,3.49,3.43
2018-12-12,3.47,3.43,3.48,3.41,809438.0,6.564,6.488,6.583,6.451,3.47,3.43,3.48,3.41
2018-12-13,3.43,3.43,3.45,3.4,915357.0,6.488,6.488,6.526,6.432,3.43,3.43,3.45,3.4
2018-12-14,3.42,3.38,3.43,3.37,860161.0,6.469,6.394,6.488,6.375,3.42,3.38,3.43,3.37
2018-12-17,3.36,3.41,3.43,3.35,620259.0,6.356,6.451,6.488,6.337,3.36,3.41,3.43,3.35
2018-12-18,3.41,3.42,3.46,3.4,995746.0,6.451,6.469,6.545,6.432,3.41,3.42,3.46,3.4
